ord_id,cust_id,ord_dt,ship_dt,stat,pmt_mthd,sales_ch,sales_rep_id,tot_amt,disc_amt
1,55,2025-04-15,,Draft,Credit Card,Distributor,9,5307.129766,371.2589086
2,167,2025-08-24,2025-08-26,Received,Credit Card,Distributor,50,4913.144675,738.6463055
3,120,2025-12-23,2025-12-26,Submitted,Check,Distributor,4,11413.81091,694.5554093
4,48,2025-02-02,2025-02-04,Cancelled,Credit Card,Direct,16,3211.830305,334.9789058
5,39,2025-08-05,2025-08-08,Cancelled,Check,Online,28,913.2364216,945.8820083
6,89,2025-05-21,,Shipped,Credit Card,Distributor,33,11746.56063,433.5233251
7,29,2025-07-31,2025-08-01,Cancelled,Check,Online,11,7829.499154,395.1545042
8,24,2025-12-15,,Received,Credit Card,Distributor,24,11803.03661,214.2174936
9,168,2025-09-27,2025-09-29,Draft,Credit Card,Direct,33,10827.93782,615.6517138
10,112,2025-01-15,2025-01-19,Cancelled,Wire Transfer,Distributor,8,12584.88023,570.5661992
11,122,2025-11-28,,Draft,Wire Transfer,Direct,44,2907.639479,363.4854471
12,168,2025-07-28,2025-08-01,Submitted,Check,Distributor,18,11070.3127,691.4453616
13,158,2025-03-10,2025-03-12,Submitted,Check,Direct,4,14799.83719,552.9626889
14,55,2025-08-09,,Received,Wire Transfer,Distributor,23,3463.121666,415.4969033
15,51,2025-07-02,,Pending,Wire Transfer,Distributor,21,9896.094855,154.3093403
16,11,2025-12-16,,Received,Credit Card,Distributor,45,13290.41281,397.2158782
17,99,2025-06-14,2025-06-16,Pending,Wire Transfer,Distributor,21,3886.482151,720.1564628
18,29,2025-10-24,,Pending,Credit Card,Direct,24,12680.78537,143.6871998
19,71,2025-11-02,2025-11-03,Cancelled,Check,Distributor,14,3657.169192,162.0953737
20,128,2025-12-25,2025-12-29,Cancelled,Credit Card,Distributor,30,3437.12815,204.2151273
21,146,2025-01-31,2025-02-05,Shipped,Wire Transfer,Online,27,2498.001405,454.9327575
22,130,2025-08-24,2025-08-27,Cancelled,Credit Card,Distributor,7,13171.18515,898.5620282
23,1,2025-01-15,,Completed,Check,Distributor,24,2273.646682,703.588766
24,84,2025-09-16,,Submitted,Check,Distributor,13,14039.40587,208.0576047
25,145,2025-12-28,,Submitted,Credit Card,Distributor,32,12871.8548,728.5787695
26,62,2025-07-11,,Cancelled,Check,Direct,10,7463.368382,910.462959
27,146,2025-08-11,2025-08-15,Completed,Check,Online,40,10047.21665,226.520057
28,65,2025-05-13,,Completed,Credit Card,Direct,45,2687.235932,875.3078605
29,96,2025-12-02,,Draft,Check,Distributor,2,4608.558234,61.05610762
30,7,2025-05-22,,Shipped,Wire Transfer,Distributor,9,32.29447095,140.724107
31,94,2025-10-10,2025-10-14,Pending,Wire Transfer,Direct,44,13916.77874,209.0618725
32,114,2025-09-05,2025-09-09,Draft,Credit Card,Direct,3,6382.605699,32.95281929
33,1,2025-01-20,2025-01-23,Completed,Check,Direct,21,655.4981772,902.1798416
34,115,2025-08-19,,Cancelled,Check,Online,17,10635.20452,61.22003198
35,159,2025-05-03,,Shipped,Credit Card,Online,42,4048.357846,92.95876917
36,159,2025-05-01,,Completed,Check,Online,26,686.0765955,597.1823496
37,181,2025-07-23,2025-07-27,Draft,Credit Card,Distributor,44,14883.19894,269.5694646
38,92,2025-05-22,,Received,Check,Distributor,29,942.3526628,731.4040915
39,42,2025-04-02,2025-04-04,Pending,Credit Card,Online,41,8109.625636,27.8268198
40,39,2025-11-07,2025-11-12,Draft,Wire Transfer,Online,35,5352.777867,69.21888183
41,60,2025-12-19,,Received,Credit Card,Distributor,6,5128.656026,571.7472969
42,181,2025-08-08,2025-08-11,Shipped,Credit Card,Online,13,10548.52702,292.8623052
43,28,2025-02-24,2025-02-25,Cancelled,Wire Transfer,Online,5,12499.26121,294.9394734
44,165,2025-01-30,2025-02-01,Draft,Check,Direct,8,6917.873169,862.0689433
45,11,2025-08-31,,Cancelled,Credit Card,Direct,22,9349.596823,838.7046096
46,103,2025-12-01,2025-12-02,Received,Credit Card,Online,37,7174.036784,365.6665245
47,69,2025-04-24,,Shipped,Check,Direct,33,7521.642063,25.88663802
48,58,2025-08-28,2025-08-29,Pending,Check,Online,1,7419.798741,464.4529851
49,35,2025-08-30,2025-09-04,Shipped,Credit Card,Direct,48,6279.78493,32.45156347
50,117,2025-02-17,,Shipped,Credit Card,Distributor,31,9648.088379,601.318077
51,127,2025-09-16,2025-09-17,Submitted,Wire Transfer,Distributor,23,7304.602075,234.8141806
52,171,2025-01-31,,Shipped,Credit Card,Online,34,2216.823981,296.8024902
53,109,2025-07-24,2025-07-26,Completed,Credit Card,Direct,35,5715.730657,716.5119289
54,167,2025-08-23,,Received,Wire Transfer,Online,32,10986.73056,823.830908
55,53,2025-04-30,,Draft,Check,Direct,33,3925.246435,242.5216928
56,184,2025-02-16,,Pending,Check,Distributor,31,8591.734594,869.095732
57,69,2025-09-14,2025-09-16,Cancelled,Check,Distributor,39,7319.41916,126.0192952
58,49,2025-12-12,2025-12-16,Completed,Wire Transfer,Online,1,12637.79092,773.5110986
59,149,2025-12-30,2026-01-02,Received,Wire Transfer,Direct,19,14052.05922,286.5161996
60,108,2025-11-30,,Shipped,Credit Card,Direct,6,601.6919247,511.4371167
61,19,2025-02-04,,Submitted,Check,Distributor,22,10583.92021,599.01638
62,133,2025-09-02,,Shipped,Credit Card,Online,6,4728.478928,457.2476681
63,137,2025-07-05,2025-07-08,Cancelled,Credit Card,Distributor,30,5081.795206,483.1899665
64,21,2025-01-07,,Completed,Check,Online,30,14362.56518,515.6672223
65,174,2025-04-23,2025-04-28,Draft,Check,Distributor,18,7340.995874,404.7547625
66,35,2025-12-14,,Cancelled,Check,Online,14,880.5874465,504.6367465
67,178,2025-05-05,2025-05-08,Draft,Wire Transfer,Online,23,1547.892181,336.6112383
68,34,2025-10-07,2025-10-10,Pending,Wire Transfer,Distributor,22,1722.289173,999.9238002
69,191,2025-03-12,2025-03-13,Completed,Wire Transfer,Direct,17,11945.06325,236.2372825
70,65,2025-12-31,,Shipped,Wire Transfer,Online,38,14915.45883,731.0199389
71,44,2025-02-26,2025-03-01,Pending,Wire Transfer,Distributor,14,1305.391031,672.9864012
72,102,2025-04-18,2025-04-20,Draft,Wire Transfer,Online,4,4024.051263,187.9566864
73,67,2025-10-15,,Cancelled,Credit Card,Distributor,18,8031.134074,21.94089709
74,79,2025-07-05,2025-07-06,Cancelled,Check,Distributor,42,5534.15121,316.5245965
75,109,2025-07-17,2025-07-20,Shipped,Check,Direct,32,9766.604415,220.6729348
76,19,2025-09-27,,Submitted,Wire Transfer,Online,37,6404.35274,81.13237416
77,55,2025-07-12,2025-07-16,Pending,Credit Card,Distributor,26,9470.583935,255.6031684
78,116,2025-08-30,,Completed,Check,Online,40,13786.47255,624.452284
79,153,2025-11-16,2025-11-18,Cancelled,Credit Card,Distributor,25,9179.020911,52.69258146
80,152,2025-08-14,,Draft,Wire Transfer,Online,29,6826.248151,693.446986
81,146,2025-08-06,,Received,Check,Direct,40,1919.874146,743.1506444
82,36,2025-02-26,2025-03-02,Pending,Check,Direct,50,1907.814783,702.8688169
83,9,2025-03-08,2025-03-12,Cancelled,Credit Card,Distributor,9,13725.183,762.0144238
84,133,2025-09-10,,Shipped,Wire Transfer,Online,34,12803.31751,118.4988831
85,133,2025-08-17,,Pending,Wire Transfer,Direct,19,97.58473207,522.2927927
86,42,2025-11-26,2025-11-29,Submitted,Credit Card,Online,44,844.9589011,940.0078837
87,55,2025-09-21,,Draft,Wire Transfer,Direct,42,4950.527091,549.4480708
88,97,2025-01-16,,Completed,Wire Transfer,Direct,13,12497.16166,702.2552647
89,165,2025-05-13,,Submitted,Check,Direct,37,9672.370945,723.000518
90,170,2025-09-20,2025-09-25,Received,Credit Card,Distributor,43,7554.279647,177.1073003
91,61,2025-12-20,2025-12-21,Shipped,Credit Card,Direct,32,10771.42465,369.8071964
92,101,2025-08-11,2025-08-16,Cancelled,Wire Transfer,Direct,49,663.4843362,506.5797675
93,96,2025-10-02,,Cancelled,Check,Distributor,22,1405.709722,306.0337258
94,80,2025-10-14,2025-10-16,Received,Check,Direct,38,6878.02449,821.5551643
95,150,2025-03-27,2025-03-30,Shipped,Wire Transfer,Distributor,14,10093.91149,904.0744037
96,97,2025-03-29,2025-03-31,Draft,Credit Card,Direct,21,8616.050768,65.87086906
97,54,2025-12-19,2025-12-20,Shipped,Check,Distributor,26,8927.546784,941.8771372
98,32,2025-10-14,,Draft,Check,Online,13,1596.593527,148.7310927
99,172,2025-11-26,,Cancelled,Wire Transfer,Online,50,8786.84315,403.6181968
100,198,2025-03-12,,Received,Check,Direct,25,1184.080521,162.79394
101,115,2025-09-05,2025-09-10,Completed,Credit Card,Direct,3,289.210283,773.8898006
102,138,2025-07-28,2025-08-01,Completed,Credit Card,Online,14,12956.99413,32.68516707
103,116,2025-06-10,2025-06-15,Cancelled,Credit Card,Distributor,31,6534.46911,387.0834109
104,126,2025-10-08,2025-10-11,Received,Credit Card,Online,42,2343.873299,978.9720222
105,160,2025-10-12,,Draft,Check,Direct,39,2175.19975,447.168143
106,116,2025-07-03,2025-07-08,Received,Credit Card,Distributor,47,2774.899362,803.8052268
107,8,2025-06-02,,Draft,Wire Transfer,Online,8,12817.65644,761.3969394
108,45,2025-03-01,,Draft,Check,Direct,42,4986.716206,512.6342232
109,116,2025-03-14,2025-03-18,Shipped,Wire Transfer,Direct,39,14417.72063,578.5683804
110,108,2025-08-09,2025-08-13,Cancelled,Wire Transfer,Direct,47,1915.98162,795.8811619
111,96,2025-11-15,,Completed,Credit Card,Online,47,4047.257193,185.4005774
112,62,2025-01-20,2025-01-25,Pending,Check,Distributor,46,4008.377019,597.6022149
113,27,2025-06-25,,Received,Check,Distributor,4,6183.069252,793.5288762
114,48,2025-05-16,2025-05-20,Pending,Wire Transfer,Direct,39,13735.45245,415.4821678
115,27,2025-12-08,,Completed,Wire Transfer,Direct,13,2609.357742,397.9432729
116,10,2025-09-17,,Shipped,Wire Transfer,Direct,12,690.733363,206.6291749
117,189,2025-07-08,2025-07-09,Submitted,Credit Card,Online,36,3996.239511,561.7790564
118,166,2025-02-15,,Shipped,Wire Transfer,Distributor,12,14814.97873,243.3213785
119,139,2025-01-31,2025-02-04,Cancelled,Wire Transfer,Online,50,12319.39292,791.8352943
120,125,2025-02-28,,Completed,Check,Direct,25,10045.33464,976.9878041
121,107,2025-06-14,,Completed,Wire Transfer,Online,38,456.3591313,326.7158336
122,73,2025-07-07,,Shipped,Wire Transfer,Direct,46,4041.406999,760.2893269
123,157,2025-10-31,,Received,Credit Card,Direct,19,13574.36931,730.8875521
124,146,2025-02-03,,Completed,Check,Online,2,1596.953213,57.33670226
125,55,2025-11-29,2025-12-03,Draft,Credit Card,Distributor,32,1310.819978,842.1748662
126,168,2025-10-26,,Shipped,Wire Transfer,Direct,22,9881.965482,780.0964137
127,45,2025-11-19,,Cancelled,Wire Transfer,Online,3,183.6844081,979.3287117
128,120,2025-12-06,,Completed,Check,Distributor,1,7790.423108,442.2779545
129,28,2025-06-01,2025-06-06,Cancelled,Credit Card,Direct,27,7250.217995,205.5183384
130,101,2025-05-25,2025-05-29,Pending,Wire Transfer,Direct,5,14413.87423,565.9715482
131,20,2025-05-17,2025-05-18,Cancelled,Credit Card,Online,44,13668.27615,141.2142362
132,72,2025-05-21,,Shipped,Wire Transfer,Direct,19,7969.314403,934.6506051
133,150,2025-01-30,,Completed,Wire Transfer,Distributor,15,574.4633106,807.4071309
134,107,2025-03-23,,Received,Check,Online,25,11432.53792,910.6223564
135,45,2025-04-27,2025-05-02,Completed,Check,Online,23,14517.09625,192.010736
136,21,2025-02-06,2025-02-09,Submitted,Wire Transfer,Online,28,9636.249258,755.4882574
137,86,2025-09-18,2025-09-23,Received,Wire Transfer,Direct,41,10618.67533,306.3195811
138,171,2025-05-03,2025-05-05,Submitted,Check,Distributor,23,14714.74603,166.6702083
139,31,2025-02-23,2025-02-25,Completed,Wire Transfer,Online,8,3683.143077,25.3600591
140,50,2025-01-14,,Cancelled,Credit Card,Distributor,30,2431.906726,607.7014995
141,117,2025-12-01,,Submitted,Wire Transfer,Distributor,50,5560.724352,779.8254983
142,23,2025-06-22,2025-06-24,Completed,Check,Online,10,1272.557011,329.0309601
143,169,2025-10-31,2025-11-02,Cancelled,Check,Distributor,3,1310.542139,435.0974189
144,57,2025-10-04,2025-10-05,Cancelled,Check,Direct,13,4037.017308,691.9289599
145,110,2025-06-21,2025-06-24,Shipped,Credit Card,Distributor,40,7012.535963,404.8182973
146,83,2025-08-13,2025-08-16,Received,Wire Transfer,Online,26,3144.792239,791.2199174
147,166,2025-11-27,2025-12-01,Submitted,Credit Card,Online,45,3467.413708,105.9184072
148,142,2025-01-07,2025-01-08,Cancelled,Wire Transfer,Distributor,32,958.9009602,771.6330019
149,180,2025-03-20,2025-03-21,Pending,Check,Online,1,2529.518997,375.3541793
150,55,2025-02-24,,Completed,Check,Online,39,10084.31632,324.3181795
151,28,2025-12-10,2025-12-13,Received,Wire Transfer,Direct,20,11401.51379,995.6599042
152,135,2025-08-11,,Shipped,Wire Transfer,Distributor,47,10870.34339,889.3996991
153,64,2025-06-04,2025-06-06,Received,Wire Transfer,Distributor,41,14911.73073,279.4423496
154,186,2025-10-11,2025-10-14,Received,Check,Direct,21,9182.526336,160.3440507
155,48,2025-03-28,,Draft,Credit Card,Direct,32,6553.890786,957.9805811
156,9,2025-02-14,2025-02-18,Pending,Credit Card,Direct,13,1985.870675,747.5348866
157,83,2025-03-29,,Pending,Credit Card,Direct,50,953.6435392,825.075571
158,117,2025-08-22,,Received,Check,Distributor,33,11285.73018,801.032289
159,175,2025-08-16,,Draft,Credit Card,Direct,6,3382.040095,576.2961273
160,59,2025-01-23,2025-01-24,Pending,Credit Card,Online,25,8652.711881,83.43126401
161,17,2025-11-02,2025-11-03,Submitted,Wire Transfer,Distributor,30,6009.625285,630.9854716
162,142,2025-07-02,2025-07-06,Draft,Check,Distributor,17,7748.337836,318.5307326
163,36,2025-07-15,2025-07-17,Draft,Check,Online,35,712.3005073,958.1458825
164,136,2025-08-19,2025-08-22,Completed,Credit Card,Direct,6,6111.011275,593.8140878
165,164,2025-07-29,2025-08-01,Completed,Check,Online,12,14528.49706,779.0529301
166,176,2025-09-20,2025-09-25,Completed,Check,Online,3,14876.03953,466.2826244
167,54,2025-04-17,,Received,Credit Card,Distributor,1,1168.478087,673.7366924
168,82,2025-01-01,,Completed,Credit Card,Distributor,16,11120.08019,91.85612255
169,164,2025-05-09,,Received,Check,Direct,12,5432.783557,962.9983765
170,167,2025-07-28,2025-08-02,Draft,Wire Transfer,Direct,38,7104.398955,876.3698248
171,55,2025-03-10,2025-03-13,Pending,Check,Distributor,30,1915.935426,113.2310456
172,149,2025-09-01,2025-09-04,Completed,Check,Online,40,8911.75101,617.284955
173,157,2025-07-11,2025-07-12,Cancelled,Check,Online,4,4983.513649,361.922851
174,140,2025-05-12,2025-05-14,Draft,Check,Direct,28,8761.538397,983.8505897
175,12,2025-12-14,,Pending,Wire Transfer,Distributor,37,13741.63684,284.4160577
176,148,2025-07-18,,Draft,Credit Card,Direct,13,650.1234906,161.9888412
177,30,2025-10-15,,Draft,Credit Card,Online,48,8513.691784,817.4655384
178,74,2025-07-05,,Submitted,Wire Transfer,Direct,7,2976.836789,89.13306885
179,167,2025-01-08,2025-01-10,Pending,Credit Card,Online,12,4230.883191,475.7109182
180,96,2025-11-15,,Submitted,Check,Direct,26,4364.258997,522.2600719
181,181,2025-01-16,,Received,Wire Transfer,Direct,11,6176.799065,499.7890264
182,3,2025-05-22,2025-05-25,Draft,Wire Transfer,Direct,40,10056.82152,146.1837845
183,92,2025-05-17,2025-05-22,Cancelled,Credit Card,Distributor,50,9554.732707,269.0402504
184,60,2025-09-30,,Draft,Wire Transfer,Direct,16,11046.627,543.6975003
185,21,2025-05-11,2025-05-14,Pending,Check,Online,26,6588.936318,10.2987671
186,110,2025-01-25,2025-01-29,Pending,Check,Online,43,1417.676905,447.377719
187,121,2025-03-30,,Received,Credit Card,Direct,6,3118.334521,102.9211707
188,65,2025-08-28,2025-09-01,Draft,Wire Transfer,Direct,47,6364.344992,685.9227269
189,24,2025-02-07,2025-02-08,Shipped,Wire Transfer,Distributor,3,995.4773854,787.948589
190,176,2025-08-01,2025-08-06,Shipped,Wire Transfer,Distributor,49,8874.047134,365.0548421
191,156,2025-10-04,2025-10-06,Shipped,Check,Online,2,13106.67686,958.1825039
192,44,2025-02-18,,Pending,Credit Card,Online,23,7184.522993,401.6475234
193,170,2025-05-09,,Shipped,Credit Card,Distributor,6,9363.339772,761.1791915
194,16,2025-05-04,2025-05-08,Completed,Credit Card,Direct,37,12891.05668,705.3556593
195,169,2025-08-23,2025-08-27,Draft,Wire Transfer,Distributor,35,9655.474325,767.0545008
196,124,2025-10-31,2025-11-04,Pending,Credit Card,Direct,20,5864.256166,298.262383
197,63,2025-09-07,2025-09-09,Received,Credit Card,Distributor,12,8533.241657,418.982309
198,154,2025-12-24,,Received,Credit Card,Direct,4,7085.725443,31.665945
199,185,2025-06-24,,Cancelled,Check,Online,13,1191.195033,830.9379122
200,24,2025-03-08,2025-03-09,Submitted,Credit Card,Distributor,10,4001.069901,429.9992555
201,140,2025-02-19,2025-02-23,Cancelled,Credit Card,Distributor,25,11297.5545,862.2782267
202,197,2025-09-19,2025-09-24,Draft,Wire Transfer,Distributor,28,10091.20647,523.0088397
203,96,2025-12-11,,Submitted,Credit Card,Direct,3,3179.455646,872.9816395
204,25,2025-01-14,2025-01-17,Cancelled,Credit Card,Direct,25,6098.866973,354.8544517
205,39,2025-03-15,2025-03-19,Completed,Wire Transfer,Distributor,44,14076.61526,940.7395533
206,125,2025-10-16,2025-10-17,Submitted,Credit Card,Online,23,9572.519772,546.980436
207,185,2025-11-20,2025-11-23,Cancelled,Credit Card,Direct,33,11304.27909,348.6684104
208,188,2025-04-26,2025-05-01,Pending,Check,Online,34,12343.6782,782.8401035
209,33,2025-04-24,2025-04-28,Completed,Check,Distributor,43,14546.61355,280.3896694
210,142,2025-05-26,2025-05-27,Submitted,Wire Transfer,Distributor,1,6992.703907,147.3322729
211,52,2025-10-25,2025-10-30,Draft,Wire Transfer,Direct,20,9841.952721,290.9281572
212,186,2025-06-22,,Completed,Check,Direct,36,8435.765131,740.7655466
213,132,2025-01-14,,Shipped,Wire Transfer,Online,29,4374.415668,863.7497796
214,192,2025-08-25,,Received,Check,Direct,30,5447.573156,73.06272414
215,52,2025-04-15,2025-04-19,Completed,Wire Transfer,Direct,19,4725.469769,275.8693804
216,64,2025-11-11,2025-11-16,Draft,Wire Transfer,Distributor,24,14184.87995,183.6331486
217,155,2025-01-18,2025-01-20,Received,Wire Transfer,Distributor,10,10943.93669,837.0032069
218,74,2025-08-28,2025-09-02,Shipped,Wire Transfer,Direct,23,11628.49172,808.8861939
219,24,2025-04-10,,Received,Check,Online,43,14585.80067,61.03862203
220,88,2025-10-19,2025-10-23,Draft,Check,Direct,43,1314.728909,893.8653198
221,36,2025-06-09,2025-06-10,Received,Wire Transfer,Distributor,26,10702.9289,387.5914182
222,107,2025-05-27,,Draft,Check,Distributor,11,6766.851019,306.2078054
223,136,2025-06-10,,Shipped,Wire Transfer,Distributor,20,1762.473846,70.18906086
224,187,2025-12-16,,Shipped,Wire Transfer,Distributor,30,4674.9431,326.9627981
225,193,2025-05-04,,Draft,Wire Transfer,Direct,30,5525.294561,860.8514463
226,63,2025-03-10,,Completed,Credit Card,Direct,11,10100.17164,759.2381844
227,55,2025-09-10,,Cancelled,Check,Direct,5,14044.21249,176.8590858
228,78,2025-05-15,2025-05-16,Submitted,Wire Transfer,Direct,3,4805.103651,785.8265576
229,5,2025-10-19,2025-10-24,Draft,Credit Card,Online,46,2222.289986,765.7494915
230,94,2025-04-08,2025-04-09,Shipped,Credit Card,Distributor,32,2215.004548,822.6414565
231,130,2025-01-31,2025-02-01,Submitted,Check,Online,14,1672.610052,173.6320998
232,63,2025-06-04,2025-06-09,Submitted,Check,Direct,46,3563.629461,935.8592733
233,77,2025-06-07,2025-06-10,Completed,Check,Online,32,14091.23156,957.4611144
234,98,2025-12-30,2026-01-04,Pending,Wire Transfer,Distributor,3,4319.063186,125.1168418
235,121,2025-03-07,,Cancelled,Wire Transfer,Online,4,7845.082264,904.7694134
236,48,2025-04-18,,Cancelled,Check,Online,41,13256.56827,209.0942125
237,54,2025-02-07,2025-02-08,Submitted,Check,Distributor,19,12130.56989,78.4933819
238,143,2025-04-30,2025-05-03,Draft,Check,Online,32,13274.2533,797.5725928
239,154,2025-04-18,,Submitted,Check,Online,24,9742.590315,286.9782277
240,17,2025-06-12,,Submitted,Credit Card,Direct,20,13471.59942,87.98288291
241,34,2025-09-19,2025-09-20,Cancelled,Wire Transfer,Distributor,29,12322.4423,290.2400506
242,35,2025-03-02,,Completed,Wire Transfer,Direct,26,5974.534905,5.058100411
243,95,2025-06-12,,Pending,Check,Online,22,10844.86591,346.3964677
244,60,2025-06-13,2025-06-15,Cancelled,Check,Direct,23,8568.798046,608.1052339
245,177,2025-09-23,,Shipped,Check,Direct,29,9104.069923,433.3057625
246,68,2025-11-29,,Received,Wire Transfer,Direct,37,5370.787181,148.3788413
247,144,2025-08-13,,Cancelled,Wire Transfer,Direct,29,14038.13107,959.447872
248,150,2025-06-08,,Cancelled,Wire Transfer,Direct,35,7519.95767,673.9493479
249,52,2025-08-22,2025-08-24,Pending,Check,Distributor,13,8929.608594,17.63096397
250,28,2025-10-16,2025-10-20,Pending,Wire Transfer,Online,50,9240.102974,484.3253899
251,9,2025-01-21,,Submitted,Check,Online,13,3779.548959,201.0394794
252,87,2025-09-02,,Submitted,Credit Card,Distributor,38,6556.524842,943.0398542
253,95,2025-05-29,,Cancelled,Wire Transfer,Online,48,1539.323185,862.3940654
254,14,2025-07-07,,Completed,Wire Transfer,Direct,39,6507.189186,402.7067683
255,115,2025-10-01,2025-10-03,Cancelled,Wire Transfer,Online,29,9329.895884,75.64525375
256,55,2025-02-28,,Cancelled,Credit Card,Direct,4,13811.44749,101.0776572
257,141,2025-01-12,2025-01-15,Received,Check,Direct,46,10350.19072,780.8633899
258,61,2025-11-06,2025-11-08,Received,Check,Distributor,39,9699.800022,493.8851625
259,117,2025-09-05,2025-09-07,Shipped,Credit Card,Distributor,46,9824.191283,935.1390395
260,55,2025-06-09,,Submitted,Wire Transfer,Online,39,8921.485503,324.3860493
261,70,2025-02-16,2025-02-17,Submitted,Credit Card,Distributor,49,7077.302958,436.8157766
262,187,2025-03-28,,Pending,Check,Distributor,26,5866.375751,842.2677887
263,118,2025-08-24,2025-08-29,Completed,Credit Card,Distributor,50,674.2728482,71.81083762
264,49,2025-05-13,2025-05-18,Received,Credit Card,Distributor,36,4268.785547,605.8412803
265,105,2025-12-13,2025-12-16,Completed,Credit Card,Online,7,4487.676517,386.8351091
266,74,2025-01-12,,Submitted,Credit Card,Direct,16,2014.315132,689.2186252
267,111,2025-02-26,,Shipped,Check,Online,33,4582.55884,815.8206031
268,42,2025-06-14,,Shipped,Wire Transfer,Direct,3,3333.77125,406.5981804
269,1,2025-05-16,2025-05-19,Received,Credit Card,Online,1,14928.33769,366.7486112
270,6,2025-06-12,2025-06-17,Shipped,Wire Transfer,Online,7,14910.55765,723.1112349
271,145,2025-01-29,2025-01-31,Completed,Wire Transfer,Direct,18,9171.481487,963.4138331
272,59,2025-02-20,2025-02-21,Completed,Check,Distributor,33,333.6461456,788.3045663
273,131,2025-05-14,,Completed,Wire Transfer,Distributor,42,993.7899087,80.65408301
274,13,2025-04-25,2025-04-28,Shipped,Wire Transfer,Online,33,8811.400012,774.7513184
275,57,2025-04-12,,Submitted,Credit Card,Distributor,44,11987.33345,515.5440098
276,119,2025-12-17,,Draft,Credit Card,Online,34,4119.067562,779.1310379
277,59,2025-01-10,2025-01-15,Completed,Credit Card,Online,12,8492.234763,107.4371807
278,156,2025-03-09,2025-03-11,Draft,Credit Card,Online,9,13441.72138,623.1556204
279,119,2025-07-08,,Completed,Credit Card,Online,29,12392.51287,516.1165811
280,13,2025-11-30,,Submitted,Wire Transfer,Online,11,13011.78359,231.8249097
281,187,2025-02-12,,Cancelled,Check,Distributor,43,589.1518605,52.37237104
282,198,2025-10-10,2025-10-11,Draft,Wire Transfer,Direct,37,13308.04837,949.6815203
283,113,2025-09-14,,Completed,Credit Card,Distributor,9,3616.406707,244.8903343
284,199,2025-03-20,,Received,Check,Online,3,6041.290072,843.1308532
285,149,2025-08-12,,Pending,Check,Direct,45,10758.10837,740.3469878
286,23,2025-09-11,2025-09-12,Cancelled,Check,Online,19,13159.12797,217.759537
287,115,2025-12-31,,Cancelled,Wire Transfer,Direct,47,6962.40104,142.1415455
288,188,2025-03-15,,Draft,Wire Transfer,Distributor,27,4778.805277,321.302609
289,44,2025-02-19,2025-02-21,Draft,Wire Transfer,Direct,34,5936.902592,72.44316471
290,38,2025-01-28,,Completed,Credit Card,Online,45,13169.94189,400.9888431
291,117,2025-03-05,2025-03-10,Draft,Wire Transfer,Distributor,1,13937.75507,620.5170284
292,72,2025-09-18,2025-09-22,Draft,Credit Card,Online,10,8708.114547,912.0640135
293,172,2025-12-31,,Draft,Check,Direct,44,10015.41662,149.0572493
294,107,2025-10-23,,Cancelled,Check,Distributor,4,6187.332293,34.11334872
295,39,2025-12-20,2025-12-24,Draft,Credit Card,Distributor,1,5828.328077,354.0724986
296,53,2025-12-27,,Received,Wire Transfer,Direct,28,847.0854057,623.2590958
297,21,2025-09-01,2025-09-04,Cancelled,Wire Transfer,Online,13,6551.778442,400.432247
298,172,2025-09-16,2025-09-20,Shipped,Wire Transfer,Distributor,43,8087.667906,19.40437824
299,175,2025-07-20,,Received,Credit Card,Online,8,13959.39792,725.3128091
300,93,2025-04-16,2025-04-18,Cancelled,Wire Transfer,Online,50,14061.90221,524.5652474
301,75,2025-04-20,,Received,Credit Card,Distributor,22,13343.70608,759.4237481
302,187,2025-02-27,,Draft,Wire Transfer,Distributor,26,1090.223619,985.2329054
303,30,2025-09-16,,Received,Credit Card,Online,34,7680.058471,858.1210151
304,165,2025-09-13,,Cancelled,Credit Card,Distributor,27,12271.32492,441.0250805
305,164,2025-03-05,,Submitted,Check,Online,3,5250.145958,361.5150516
306,187,2025-05-12,,Completed,Wire Transfer,Direct,49,3596.204469,764.1232442
307,52,2025-03-23,,Received,Wire Transfer,Direct,9,805.9359575,67.78361929
308,199,2025-12-26,,Received,Check,Distributor,37,4493.51782,207.7861138
309,158,2025-10-17,2025-10-20,Submitted,Check,Online,26,10398.56135,863.5429838
310,126,2025-03-28,,Completed,Credit Card,Online,1,3862.582358,734.3364896
311,105,2025-06-30,,Cancelled,Wire Transfer,Direct,36,6051.208709,618.8895117
312,157,2025-05-12,2025-05-15,Shipped,Wire Transfer,Distributor,5,3431.255184,408.3199545
313,43,2025-07-28,2025-08-02,Draft,Check,Direct,36,3652.495123,235.2905904
314,84,2025-06-20,,Submitted,Check,Direct,33,8618.177631,352.041349
315,7,2025-12-25,,Submitted,Credit Card,Direct,21,10709.17387,397.700603
316,29,2025-02-17,,Received,Credit Card,Online,37,14051.54529,179.5254642
317,120,2025-11-19,2025-11-21,Draft,Check,Distributor,2,4997.261819,797.04877
318,14,2025-01-24,2025-01-27,Received,Check,Direct,44,11401.65831,190.3864822
319,198,2025-05-26,2025-05-29,Shipped,Credit Card,Distributor,5,577.8454756,477.6621806
320,75,2025-09-19,2025-09-23,Pending,Wire Transfer,Direct,9,1350.986604,234.5033776
321,2,2025-06-24,,Draft,Credit Card,Distributor,45,14216.88623,351.4436715
322,134,2025-05-30,2025-06-03,Cancelled,Credit Card,Distributor,1,4240.384811,197.2971973
323,157,2025-05-30,2025-06-02,Pending,Wire Transfer,Direct,15,2918.323122,585.0417398
324,115,2025-07-29,,Cancelled,Wire Transfer,Distributor,3,260.3936559,727.4225253
325,30,2025-02-15,,Completed,Check,Direct,49,1990.64904,489.2726756
326,4,2025-04-26,,Submitted,Credit Card,Online,29,9961.270292,685.5767147
327,33,2025-01-28,,Pending,Credit Card,Online,45,2930.91998,156.25494
328,200,2025-06-20,,Cancelled,Check,Online,26,9386.502497,964.7805166
329,137,2025-07-08,2025-07-12,Shipped,Check,Direct,23,1326.856754,536.7863104
330,5,2025-02-16,,Shipped,Check,Direct,27,11221.09184,776.9000857
331,112,2025-10-30,2025-11-01,Shipped,Credit Card,Online,12,12028.28816,19.25798465
332,21,2025-07-21,2025-07-24,Completed,Credit Card,Online,22,4042.802108,253.4946958
333,193,2025-08-03,,Received,Credit Card,Online,15,1927.695493,155.799435
334,68,2025-10-08,,Submitted,Check,Online,25,1084.920014,635.5468502
335,80,2025-02-17,2025-02-18,Submitted,Check,Direct,50,14916.02978,728.4557729
336,114,2025-07-03,,Completed,Wire Transfer,Direct,32,2761.795231,368.6422441
337,123,2025-11-13,,Pending,Wire Transfer,Online,30,13914.28328,308.2099281
338,105,2025-10-31,2025-11-02,Completed,Check,Online,42,8719.595282,848.2260294
339,80,2025-07-09,2025-07-14,Draft,Check,Direct,39,6226.532206,235.8955955
340,99,2025-04-22,,Received,Credit Card,Distributor,12,5248.236054,222.3003844
341,185,2025-03-01,2025-03-05,Shipped,Credit Card,Online,2,11015.28485,152.9486575
342,117,2025-12-08,,Shipped,Wire Transfer,Online,13,2522.430761,733.1051721
343,112,2025-03-24,2025-03-27,Shipped,Credit Card,Online,27,1242.015588,891.0866154
344,47,2025-12-12,2025-12-14,Submitted,Credit Card,Distributor,7,13461.14942,319.8213537
345,82,2025-07-09,,Submitted,Check,Direct,11,7127.701367,456.0794549
346,107,2025-04-14,,Draft,Credit Card,Online,50,11773.55795,194.1626681
347,75,2025-01-29,2025-01-30,Received,Check,Direct,21,13951.02971,727.605397
348,40,2025-03-13,,Draft,Credit Card,Distributor,35,6285.679138,501.0088722
349,162,2025-12-16,2025-12-17,Pending,Credit Card,Online,40,13873.6981,263.713999
350,199,2025-04-11,2025-04-12,Received,Wire Transfer,Direct,25,1621.603691,976.2407876
351,138,2025-08-17,2025-08-21,Shipped,Check,Distributor,30,14453.89099,616.718112
352,170,2025-08-13,2025-08-17,Shipped,Check,Online,2,11982.06829,281.046167
353,115,2025-02-04,,Received,Wire Transfer,Direct,49,5547.583345,912.6004043
354,113,2025-08-22,,Received,Check,Online,23,14987.61147,821.6841883
355,128,2025-08-05,2025-08-08,Completed,Credit Card,Direct,10,1479.795637,146.5707455
356,190,2025-07-31,,Submitted,Wire Transfer,Distributor,42,6368.320276,829.658053
357,185,2025-03-04,,Draft,Credit Card,Online,43,6581.304688,934.6912359
358,143,2025-08-16,,Shipped,Wire Transfer,Direct,30,3703.392603,81.20679524
359,121,2025-11-26,2025-11-29,Draft,Check,Direct,20,14535.59971,20.06836381
360,150,2025-05-04,,Draft,Credit Card,Online,27,13436.34482,256.8727461
361,175,2025-12-04,,Completed,Check,Direct,7,433.0703357,49.69058045
362,129,2025-01-16,2025-01-20,Draft,Credit Card,Direct,35,4964.728554,789.6378446
363,28,2025-11-12,2025-11-16,Completed,Credit Card,Distributor,16,3925.50047,355.3851146
364,91,2025-01-30,2025-02-04,Shipped,Wire Transfer,Distributor,4,8848.634218,409.881449
365,169,2025-12-13,,Cancelled,Wire Transfer,Online,23,7508.963968,233.5261917
366,51,2025-10-09,,Received,Credit Card,Direct,34,2920.099288,81.45529793
367,153,2025-04-07,2025-04-11,Pending,Wire Transfer,Online,11,5683.110977,520.1171417
368,155,2025-03-18,2025-03-22,Draft,Check,Online,8,10511.77741,827.8770195
369,13,2025-07-28,,Draft,Check,Distributor,20,8528.664381,800.8872367
370,189,2025-08-14,2025-08-19,Shipped,Check,Direct,37,3965.867319,91.52305086
371,200,2025-01-12,,Cancelled,Wire Transfer,Distributor,7,7152.664855,33.4104925
372,155,2025-11-21,2025-11-23,Pending,Credit Card,Online,8,9179.356666,850.3856288
373,124,2025-07-19,2025-07-21,Submitted,Wire Transfer,Online,49,8456.631288,546.4140341
374,98,2025-08-23,,Submitted,Check,Online,49,3087.088904,163.2059219
375,190,2025-04-21,,Cancelled,Credit Card,Direct,38,2743.340409,629.9665796
376,124,2025-03-31,,Draft,Check,Direct,15,10787.03063,129.4879377
377,172,2025-10-22,,Received,Wire Transfer,Distributor,41,14897.37591,251.8212227
378,110,2025-05-29,,Received,Check,Direct,3,2295.382273,269.0444372
379,158,2025-06-15,2025-06-17,Shipped,Credit Card,Direct,9,8117.938556,795.6482636
380,193,2025-09-09,,Pending,Check,Online,49,960.8551629,957.4595528
381,162,2025-02-27,2025-03-03,Received,Credit Card,Distributor,4,8575.671872,285.1810976
382,157,2025-06-01,,Cancelled,Check,Online,10,6006.523687,38.42881982
383,140,2025-06-19,2025-06-21,Cancelled,Check,Direct,33,14819.40964,956.4797087
384,168,2025-05-05,2025-05-06,Pending,Credit Card,Direct,34,5903.139478,888.743034
385,67,2025-02-22,2025-02-27,Cancelled,Credit Card,Direct,40,2308.828664,593.7893029
386,126,2025-11-11,2025-11-14,Shipped,Check,Direct,19,11923.70493,682.2200753
387,14,2025-04-27,,Pending,Wire Transfer,Distributor,26,6115.959241,31.15335525
388,21,2025-12-27,,Draft,Wire Transfer,Online,23,7607.392961,108.7966379
389,60,2025-05-07,,Submitted,Check,Online,46,3585.382012,123.4803827
390,4,2025-05-26,2025-05-28,Shipped,Credit Card,Online,35,4754.617135,406.0232901
391,86,2025-10-05,2025-10-10,Shipped,Wire Transfer,Online,15,8547.731522,241.7281671
392,35,2025-07-07,,Completed,Credit Card,Online,9,90.15898236,882.2476341
393,15,2025-02-08,,Received,Check,Direct,35,14661.82149,584.9557581
394,63,2025-03-30,,Pending,Wire Transfer,Distributor,25,8832.797028,611.8261098
395,195,2025-02-14,,Received,Credit Card,Distributor,4,7460.294961,918.0230618
396,182,2025-06-14,2025-06-15,Draft,Credit Card,Online,30,12111.78867,198.9113117
397,151,2025-02-21,,Completed,Wire Transfer,Distributor,19,12785.21608,531.6322512
398,111,2025-01-19,,Received,Wire Transfer,Online,26,4467.906092,301.9737872
399,141,2025-12-12,,Cancelled,Check,Direct,10,8536.432911,528.2800504
400,8,2025-11-12,,Pending,Check,Distributor,49,549.4571588,428.6188873
401,160,2025-06-02,,Submitted,Check,Distributor,35,6956.848073,913.7147297
402,20,2025-12-18,,Completed,Wire Transfer,Direct,4,11601.86917,619.9590829
403,158,2025-11-26,2025-11-28,Pending,Check,Direct,4,6064.967112,321.9919893
404,71,2025-10-24,,Draft,Check,Distributor,17,2416.968886,394.430976
405,21,2025-12-07,,Cancelled,Credit Card,Direct,21,1355.223515,629.6411511
406,92,2025-09-21,2025-09-23,Pending,Check,Direct,27,3095.046647,389.263971
407,38,2025-03-11,2025-03-13,Shipped,Check,Distributor,33,12484.60595,780.3596496
408,58,2025-02-28,2025-03-02,Draft,Check,Online,9,7188.155685,778.6958714
409,59,2025-12-30,,Completed,Credit Card,Online,33,14308.07061,108.7444405
410,110,2025-06-20,2025-06-23,Cancelled,Credit Card,Distributor,2,3711.872088,844.4972097
411,140,2025-11-17,2025-11-21,Draft,Credit Card,Direct,24,7454.057314,535.6641236
412,34,2025-07-01,,Submitted,Check,Online,33,4897.91771,187.544529
413,94,2025-02-02,2025-02-05,Shipped,Credit Card,Online,14,5457.18783,627.9200877
414,113,2025-05-24,,Completed,Credit Card,Distributor,16,14638.62302,488.3303688
415,9,2025-06-16,2025-06-17,Pending,Check,Distributor,19,13452.89154,542.9096305
416,124,2025-03-29,2025-03-31,Cancelled,Wire Transfer,Direct,4,9215.209714,516.7971753
417,168,2025-08-01,,Submitted,Check,Distributor,12,2495.256318,890.2844901
418,121,2025-01-18,2025-01-19,Shipped,Check,Direct,6,7093.256235,153.2418107
419,40,2025-04-13,,Cancelled,Check,Distributor,16,13689.89454,65.41327967
420,10,2025-08-07,,Completed,Credit Card,Online,13,8436.518358,485.889226
421,84,2025-11-04,2025-11-05,Cancelled,Wire Transfer,Distributor,11,2617.979171,375.2536706
422,20,2025-09-03,,Completed,Wire Transfer,Online,25,7373.481383,898.8369316
423,2,2025-04-15,2025-04-20,Received,Wire Transfer,Distributor,10,1815.897868,470.587646
424,43,2025-01-03,2025-01-04,Pending,Wire Transfer,Direct,1,11089.63787,336.3069792
425,97,2025-02-09,2025-02-12,Received,Wire Transfer,Online,37,7566.164391,107.1676801
426,169,2025-02-18,2025-02-22,Received,Wire Transfer,Direct,28,14391.49993,333.5200772
427,169,2025-04-07,,Shipped,Credit Card,Direct,14,6714.325969,922.9833727
428,196,2025-05-14,,Submitted,Check,Direct,48,11617.79054,727.1564224
429,93,2025-05-28,,Cancelled,Credit Card,Direct,36,14915.60756,783.5313994
430,2,2025-01-17,,Completed,Wire Transfer,Direct,36,4544.081569,313.5514837
431,68,2025-01-19,2025-01-20,Shipped,Check,Online,17,14372.94701,808.7280943
432,106,2025-07-25,2025-07-27,Draft,Credit Card,Online,18,5322.393177,802.8710902
433,175,2025-05-13,2025-05-18,Received,Credit Card,Distributor,7,1974.895022,654.1373655
434,80,2025-04-16,,Received,Wire Transfer,Distributor,2,12472.90969,743.0307409
435,59,2025-05-22,,Pending,Credit Card,Distributor,27,12607.56759,128.8196288
436,196,2025-06-14,,Pending,Wire Transfer,Online,2,5522.022854,256.6980754
437,28,2025-07-20,,Cancelled,Check,Online,31,2454.486547,148.7820094
438,40,2025-10-29,2025-10-31,Cancelled,Check,Online,15,10047.36681,375.1056093
439,55,2025-08-16,2025-08-17,Draft,Check,Direct,24,13134.65638,158.300454
440,60,2025-08-12,2025-08-14,Shipped,Wire Transfer,Distributor,40,4636.379436,968.4839439
441,86,2025-02-16,2025-02-20,Submitted,Credit Card,Online,18,4768.692034,13.98170588
442,93,2025-02-05,,Completed,Wire Transfer,Distributor,22,14654.18749,97.71338341
443,187,2025-05-17,2025-05-20,Cancelled,Check,Online,16,14273.13969,384.1618851
444,39,2025-12-27,,Submitted,Check,Direct,36,4622.298222,456.4148107
445,26,2025-07-23,2025-07-27,Cancelled,Wire Transfer,Online,29,4630.404724,638.0404162
446,64,2025-05-14,,Cancelled,Credit Card,Distributor,25,6590.65562,176.419041
447,171,2025-02-22,2025-02-25,Received,Wire Transfer,Direct,50,6270.851041,106.8955872
448,23,2025-08-08,,Completed,Wire Transfer,Online,28,5983.112605,949.7482627
449,31,2025-05-27,2025-05-29,Shipped,Check,Distributor,38,8310.705611,319.0161321
450,107,2025-01-15,2025-01-17,Pending,Check,Distributor,39,4168.268947,322.4232026
451,76,2025-01-15,2025-01-16,Pending,Credit Card,Direct,16,5029.381219,118.9315652
452,35,2025-09-18,,Submitted,Credit Card,Online,19,13288.91573,363.2070643
453,56,2025-10-21,2025-10-26,Submitted,Wire Transfer,Online,24,11697.70136,461.5785025
454,172,2025-07-09,2025-07-14,Received,Wire Transfer,Direct,42,3831.050524,255.5698037
455,25,2025-02-24,2025-02-26,Submitted,Wire Transfer,Online,39,13730.30738,557.7709724
456,47,2025-11-22,2025-11-27,Submitted,Check,Online,42,13909.52651,833.5878957
457,65,2025-02-21,,Submitted,Check,Online,24,14057.20903,76.44521722
458,170,2025-12-06,2025-12-08,Cancelled,Credit Card,Distributor,42,6358.929923,640.1919362
459,149,2025-04-27,2025-05-01,Shipped,Check,Online,39,10629.04918,372.4431463
460,128,2025-05-24,2025-05-29,Cancelled,Credit Card,Online,46,10405.20461,765.2704558
461,88,2025-08-14,,Completed,Wire Transfer,Distributor,14,9115.151264,500.0307428
462,115,2025-11-04,2025-11-05,Draft,Check,Online,33,9001.869451,885.8914852
463,29,2025-08-05,,Draft,Credit Card,Online,32,5028.831462,838.9863111
464,93,2025-07-05,2025-07-06,Received,Credit Card,Online,20,10786.42216,523.6960006
465,161,2025-07-06,,Pending,Wire Transfer,Online,2,4861.774835,952.1350215
466,132,2025-06-28,,Received,Credit Card,Distributor,43,12097.66452,325.8566902
467,100,2025-07-25,,Shipped,Credit Card,Distributor,16,12190.49897,213.971651
468,48,2025-06-23,,Shipped,Wire Transfer,Distributor,38,4576.235043,14.51655372
469,94,2025-01-07,,Shipped,Wire Transfer,Distributor,46,7200.056199,405.9463954
470,123,2025-05-01,,Pending,Credit Card,Distributor,21,2508.592396,712.0787884
471,57,2025-02-10,2025-02-11,Submitted,Wire Transfer,Distributor,19,11700.16595,924.660819
472,39,2025-06-02,,Shipped,Wire Transfer,Direct,34,1387.063032,390.998907
473,171,2025-04-23,,Draft,Check,Online,12,11339.90638,257.3275677
474,66,2025-11-25,2025-11-26,Draft,Wire Transfer,Online,23,14947.33084,799.8375445
475,36,2025-11-15,,Shipped,Wire Transfer,Direct,30,2546.944175,660.2074778
476,2,2025-08-18,,Completed,Wire Transfer,Direct,11,2454.922227,43.40061356
477,171,2025-08-06,,Received,Credit Card,Direct,22,3564.041753,449.2988299
478,168,2025-04-07,2025-04-12,Shipped,Check,Online,42,1015.832045,33.08253636
479,140,2025-08-28,,Received,Check,Online,28,1924.231581,350.3832214
480,4,2025-12-21,2025-12-25,Received,Wire Transfer,Distributor,19,4328.414797,841.4176931
481,115,2025-07-31,,Submitted,Wire Transfer,Distributor,21,9760.627666,32.82828752
482,65,2025-03-25,2025-03-30,Completed,Credit Card,Online,2,4539.066815,987.845394
483,85,2025-01-19,,Received,Check,Online,13,3520.304432,296.6294433
484,101,2025-06-25,2025-06-30,Submitted,Wire Transfer,Online,4,2669.025733,324.4369499
485,160,2025-07-11,,Shipped,Check,Online,29,5849.065011,626.483967
486,31,2025-09-21,,Pending,Wire Transfer,Distributor,8,5504.821946,282.5756952
487,16,2025-10-10,,Shipped,Wire Transfer,Distributor,4,4811.199941,654.8058315
488,95,2025-05-19,2025-05-21,Received,Check,Distributor,23,12856.52769,164.2080785
489,63,2025-10-27,,Completed,Wire Transfer,Online,31,3995.529212,875.1979979
490,131,2025-03-30,,Received,Check,Distributor,38,13692.97598,122.3012458
491,195,2025-07-28,,Completed,Wire Transfer,Direct,48,6605.127583,59.8277726
492,179,2025-09-13,,Draft,Check,Direct,49,7850.543013,760.6839486
493,147,2025-03-11,,Received,Credit Card,Direct,8,2251.124958,802.3385411
494,180,2025-06-10,,Submitted,Check,Distributor,11,6820.923262,507.7711756
495,189,2025-06-02,,Shipped,Check,Direct,45,11867.89702,429.4540952
496,169,2025-05-31,2025-06-04,Shipped,Check,Direct,15,7501.565559,274.1604317
497,175,2025-03-16,,Cancelled,Check,Distributor,47,13997.77159,899.4803151
498,64,2025-07-03,2025-07-04,Submitted,Credit Card,Online,6,1763.081967,411.2480675
499,136,2025-08-12,2025-08-17,Submitted,Check,Distributor,15,9574.101054,887.807888
500,97,2025-06-22,2025-06-24,Pending,Credit Card,Direct,29,2274.995467,745.4792076
501,106,2025-11-06,2025-11-08,Pending,Credit Card,Direct,28,7340.182169,904.7097057
502,128,2025-09-23,2025-09-26,Submitted,Check,Direct,45,11194.65175,897.3731936
503,24,2025-09-15,2025-09-18,Submitted,Check,Online,14,8115.042027,308.7825717
504,13,2025-07-09,2025-07-12,Submitted,Wire Transfer,Direct,8,13071.97867,210.9407424
505,27,2025-07-24,2025-07-29,Submitted,Credit Card,Online,29,8331.546076,482.9962364
506,155,2025-12-31,,Completed,Check,Online,39,1708.053966,250.5367562
507,134,2025-06-24,,Shipped,Wire Transfer,Distributor,50,6500.640221,195.3064747
508,73,2025-05-18,2025-05-22,Completed,Check,Direct,41,7606.114307,879.7066426
509,192,2025-12-16,,Cancelled,Check,Online,21,10670.78567,441.1070898
510,169,2025-06-17,2025-06-20,Cancelled,Check,Distributor,14,3246.72603,659.44296
511,43,2025-07-14,2025-07-17,Draft,Check,Direct,36,5390.813695,482.5088304
512,30,2025-07-19,2025-07-24,Draft,Credit Card,Direct,7,12523.3205,508.8539762
513,103,2025-09-04,,Cancelled,Check,Direct,1,13247.49118,684.7366262
514,107,2025-11-13,,Cancelled,Check,Online,6,13408.19941,905.067077
515,25,2025-09-06,2025-09-07,Received,Wire Transfer,Distributor,37,13701.06193,381.1509604
516,47,2025-10-21,,Shipped,Credit Card,Direct,37,14240.41493,84.87652995
517,33,2025-04-07,2025-04-08,Draft,Wire Transfer,Distributor,46,689.9061977,856.968756
518,52,2025-06-26,2025-07-01,Completed,Check,Online,20,3971.632898,799.9603223
519,30,2025-12-16,,Draft,Credit Card,Online,15,10306.25292,562.2563606
520,140,2025-04-12,,Submitted,Wire Transfer,Direct,28,10164.20963,800.3111175
521,91,2025-04-19,,Shipped,Check,Online,12,788.567883,484.884284
522,78,2025-12-10,2025-12-13,Shipped,Wire Transfer,Distributor,26,10692.22923,834.8651797
523,87,2025-12-25,2025-12-28,Cancelled,Check,Online,12,4092.837709,824.6937639
524,124,2025-10-09,,Submitted,Wire Transfer,Distributor,19,5769.169744,100.2997035
525,24,2025-09-15,2025-09-19,Submitted,Credit Card,Distributor,5,11432.47594,505.0720422
526,23,2025-09-09,2025-09-10,Submitted,Credit Card,Direct,42,6205.21263,602.8624485
527,26,2025-06-28,2025-07-01,Cancelled,Wire Transfer,Online,9,9380.994722,884.5379066
528,91,2025-06-25,,Draft,Wire Transfer,Online,19,11726.93699,266.2809224
529,139,2025-07-24,2025-07-25,Draft,Wire Transfer,Online,24,13454.89072,238.9964585
530,169,2025-12-08,2025-12-12,Submitted,Check,Online,29,9612.289105,91.77871249
531,117,2025-09-21,2025-09-22,Completed,Credit Card,Online,41,12472.43036,78.35244097
532,190,2025-04-16,2025-04-21,Draft,Check,Direct,18,9026.273319,602.6373783
533,81,2025-07-29,,Pending,Check,Distributor,45,4512.137361,245.6207468
534,65,2025-07-18,2025-07-20,Received,Wire Transfer,Direct,1,5065.76671,862.3406767
535,116,2025-11-23,2025-11-27,Completed,Check,Distributor,17,8838.833346,582.1103171
536,168,2025-05-25,,Submitted,Wire Transfer,Online,43,3796.216127,797.0080073
537,34,2025-05-06,2025-05-11,Received,Wire Transfer,Online,18,7896.016671,991.3794767
538,156,2025-10-10,2025-10-15,Completed,Check,Online,31,10437.76379,462.5709098
539,25,2025-02-23,2025-02-26,Submitted,Wire Transfer,Online,17,14208.21335,213.287044
540,51,2025-01-16,2025-01-17,Received,Check,Distributor,23,12267.50508,436.107557
541,159,2025-12-15,2025-12-16,Submitted,Credit Card,Distributor,6,13904.69632,946.5398237
542,76,2025-01-29,,Completed,Check,Distributor,12,10883.17923,168.1770915
543,183,2025-12-04,2025-12-09,Shipped,Wire Transfer,Distributor,44,1572.619418,5.732241078
544,9,2025-08-28,,Pending,Wire Transfer,Online,39,87.5775978,976.2780508
545,145,2025-09-30,,Draft,Check,Distributor,23,10162.18953,542.18633
546,95,2025-03-20,2025-03-23,Received,Check,Direct,13,886.3484149,284.194801
547,4,2025-10-30,2025-11-02,Pending,Wire Transfer,Online,9,4855.969798,525.2459979
548,96,2025-04-09,2025-04-13,Received,Credit Card,Online,31,13926.68166,691.6296476
549,84,2025-07-25,2025-07-26,Pending,Check,Distributor,24,6027.78486,403.5087711
550,119,2025-04-10,,Submitted,Check,Distributor,40,7103.564568,794.9017482
551,43,2025-02-09,,Cancelled,Wire Transfer,Distributor,32,3782.987796,328.3558985
552,26,2025-09-28,,Pending,Credit Card,Direct,47,12079.91053,252.511845
553,193,2025-03-29,,Cancelled,Credit Card,Online,4,4981.04397,412.7687762
554,77,2025-01-19,,Received,Credit Card,Distributor,42,13081.88977,107.0288947
555,41,2025-11-27,,Submitted,Check,Distributor,42,3186.475797,57.61162048
556,120,2025-03-24,,Cancelled,Wire Transfer,Distributor,22,14505.20857,623.1879881
557,101,2025-03-26,2025-03-29,Pending,Wire Transfer,Direct,9,2607.228128,449.2652324
558,173,2025-02-06,,Submitted,Check,Online,34,10677.92938,995.5520978
559,26,2025-05-01,2025-05-02,Completed,Credit Card,Distributor,27,3778.420097,413.7841625
560,12,2025-06-22,,Draft,Wire Transfer,Online,33,11512.64699,909.9690561
561,199,2025-09-06,,Received,Check,Direct,17,1592.264731,103.8150277
562,88,2025-02-20,,Cancelled,Check,Online,1,1744.498726,631.8554919
563,155,2025-12-19,,Pending,Credit Card,Distributor,12,139.66427,648.6765976
564,26,2025-12-23,2025-12-27,Shipped,Check,Online,21,4041.524182,639.6961967
565,7,2025-02-27,,Pending,Check,Direct,47,8840.621856,271.7095974
566,38,2025-08-27,,Received,Check,Distributor,42,2426.356632,750.8155588
567,123,2025-11-18,2025-11-21,Pending,Wire Transfer,Direct,17,10445.1364,281.8243535
568,162,2025-06-23,,Shipped,Credit Card,Distributor,27,12228.08908,703.3430799
569,166,2025-08-26,,Submitted,Check,Distributor,48,13619.70169,290.8043551
570,134,2025-10-03,2025-10-08,Pending,Wire Transfer,Direct,43,1111.430232,596.3630057
571,188,2025-04-15,2025-04-18,Pending,Wire Transfer,Online,43,11183.87225,460.1826976
572,124,2025-04-15,,Submitted,Check,Online,11,12708.93775,860.6431116
573,147,2025-01-22,2025-01-23,Submitted,Check,Distributor,27,9355.613482,210.342367
574,102,2025-10-08,,Draft,Check,Online,30,4891.2091,274.3367935
575,64,2025-08-27,,Pending,Check,Online,26,13884.3205,751.9696739
576,166,2025-03-26,,Pending,Wire Transfer,Online,30,8874.385487,269.0284569
577,137,2025-09-27,,Draft,Check,Distributor,28,5480.445814,851.3098196
578,94,2025-11-07,,Shipped,Check,Distributor,5,13084.23354,536.9533436
579,71,2025-01-14,,Received,Wire Transfer,Distributor,7,14607.66821,194.1529841
580,58,2025-12-03,,Shipped,Check,Direct,19,6999.36394,973.8016042
581,54,2025-06-02,,Cancelled,Wire Transfer,Online,36,9452.393222,550.5651675
582,135,2025-11-02,,Shipped,Wire Transfer,Online,10,157.8515285,824.9706133
583,137,2025-12-07,,Shipped,Wire Transfer,Direct,22,722.1772408,97.6398278
584,117,2025-01-14,,Completed,Check,Distributor,42,4966.646408,676.3416276
585,112,2025-11-02,2025-11-07,Shipped,Credit Card,Direct,2,7848.358377,868.6803785
586,154,2025-10-15,,Cancelled,Wire Transfer,Online,35,9113.672468,601.6358133
587,75,2025-03-10,,Received,Credit Card,Direct,46,8218.764458,455.0485797
588,181,2025-10-01,2025-10-04,Draft,Credit Card,Distributor,7,14026.44864,383.2818568
589,115,2025-11-15,,Submitted,Wire Transfer,Distributor,32,9153.888516,85.37673908
590,117,2025-04-16,,Received,Wire Transfer,Online,16,10169.39228,626.762094
591,27,2025-01-14,2025-01-17,Shipped,Credit Card,Direct,49,1580.321824,793.0119989
592,183,2025-04-19,,Cancelled,Check,Distributor,29,2794.708914,731.9767832
593,137,2025-08-09,,Shipped,Check,Direct,30,4651.559015,6.633779733
594,192,2025-12-05,2025-12-10,Cancelled,Wire Transfer,Online,23,8307.91456,839.7886282
595,54,2025-05-03,2025-05-08,Pending,Check,Direct,43,11965.50747,964.2815906
596,87,2025-06-15,2025-06-19,Draft,Wire Transfer,Direct,25,1427.594328,886.2100253
597,138,2025-08-23,,Draft,Check,Direct,2,7531.170453,463.9953408
598,159,2025-07-11,,Submitted,Credit Card,Online,4,2013.946087,947.4349215
599,178,2025-11-21,,Shipped,Check,Direct,27,13220.00054,684.473352
600,89,2025-02-18,,Pending,Credit Card,Online,5,7695.041844,900.9776614
601,157,2025-07-04,2025-07-07,Completed,Wire Transfer,Direct,21,4116.370413,899.2911108
602,72,2025-04-10,,Cancelled,Credit Card,Online,31,14278.49004,644.5694525
603,129,2025-10-23,,Completed,Check,Online,47,8975.454502,584.1151168
604,54,2025-05-01,2025-05-03,Submitted,Wire Transfer,Distributor,32,371.3739585,366.3135404
605,97,2025-09-24,,Received,Wire Transfer,Online,27,14839.56289,596.938578
606,34,2025-08-25,,Submitted,Check,Direct,38,692.9140844,636.1692736
607,60,2025-09-20,2025-09-24,Cancelled,Credit Card,Online,38,12851.64304,168.7263866
608,65,2025-01-06,2025-01-09,Pending,Wire Transfer,Direct,32,9175.299416,957.5068685
609,60,2025-05-04,,Pending,Credit Card,Direct,41,1355.220238,451.1846329
610,91,2025-04-18,,Cancelled,Wire Transfer,Online,32,13207.51967,273.7559513
611,80,2025-09-04,,Received,Wire Transfer,Distributor,37,12513.52855,357.981654
612,182,2025-03-12,2025-03-16,Draft,Credit Card,Direct,18,14174.84416,242.6945581
613,40,2025-08-11,2025-08-12,Completed,Credit Card,Direct,2,4930.960206,637.091939
614,67,2025-08-22,2025-08-26,Draft,Wire Transfer,Direct,23,11873.78514,671.4505031
615,135,2025-05-29,,Completed,Check,Distributor,32,12112.24956,209.5783764
616,189,2025-06-06,2025-06-11,Submitted,Check,Online,33,6392.015631,728.6936911
617,184,2025-04-30,,Shipped,Check,Online,42,4993.999737,191.7701001
618,72,2025-05-27,2025-06-01,Shipped,Wire Transfer,Online,28,10654.71398,624.7979249
619,15,2025-02-04,2025-02-07,Completed,Check,Distributor,46,11353.25842,24.25144439
620,82,2025-12-25,,Draft,Credit Card,Direct,46,5020.250609,662.0726258
621,134,2025-06-24,2025-06-29,Cancelled,Credit Card,Online,7,10475.85267,306.2975281
622,5,2025-12-08,2025-12-13,Submitted,Credit Card,Direct,19,2117.956029,519.7699225
623,16,2025-01-03,2025-01-06,Shipped,Wire Transfer,Distributor,38,8213.105925,275.4460952
624,98,2025-05-21,,Shipped,Credit Card,Online,47,10486.94676,544.8417325
625,29,2025-06-13,,Cancelled,Credit Card,Distributor,16,345.3797848,78.97451884
626,25,2025-04-08,,Draft,Check,Online,30,9588.638919,689.8620163
627,88,2025-05-01,2025-05-03,Draft,Check,Distributor,5,11071.59928,710.4814636
628,16,2025-08-01,,Completed,Check,Distributor,42,11283.62904,672.7776506
629,128,2025-07-29,,Draft,Credit Card,Distributor,38,8460.558198,586.9939197
630,124,2025-04-06,,Shipped,Credit Card,Distributor,10,4092.070927,355.9589023
631,110,2025-05-12,,Pending,Wire Transfer,Online,36,4753.334637,529.6072795
632,88,2025-03-28,2025-03-29,Completed,Credit Card,Direct,46,1278.554387,259.2778345
633,133,2025-09-01,,Draft,Credit Card,Online,36,6625.583156,396.3109252
634,169,2025-06-19,,Draft,Credit Card,Online,1,12150.75514,366.6504301
635,114,2025-02-28,2025-03-05,Draft,Wire Transfer,Distributor,8,13761.83348,765.1769076
636,25,2025-09-08,2025-09-10,Received,Wire Transfer,Distributor,8,12959.79964,868.7749137
637,114,2025-12-03,,Shipped,Wire Transfer,Distributor,30,8495.161282,48.43853776
638,73,2025-11-21,,Cancelled,Wire Transfer,Online,6,9263.380609,445.9373361
639,130,2025-10-08,2025-10-13,Pending,Credit Card,Distributor,14,4700.774589,855.2296647
640,78,2025-09-09,,Pending,Check,Direct,15,10803.13812,951.1232274
641,164,2025-08-22,2025-08-24,Shipped,Credit Card,Online,38,10711.11559,638.0912627
642,155,2025-12-10,2025-12-15,Pending,Wire Transfer,Distributor,10,7649.722344,550.7747328
643,179,2025-05-15,2025-05-19,Cancelled,Credit Card,Direct,24,3657.058656,934.0959917
644,59,2025-03-22,,Draft,Check,Direct,26,2708.256573,242.0027937
645,157,2025-12-16,,Pending,Wire Transfer,Direct,15,6400.658532,327.0439087
646,38,2025-06-24,2025-06-25,Draft,Check,Online,14,566.6218799,242.6582004
647,75,2025-06-16,,Cancelled,Credit Card,Direct,21,13043.69578,547.2094074
648,156,2025-12-27,,Submitted,Check,Distributor,44,11223.10704,674.2683753
649,89,2025-05-17,2025-05-21,Completed,Wire Transfer,Direct,7,9939.951503,527.2687678
650,156,2025-09-14,,Shipped,Wire Transfer,Distributor,33,14286.47728,685.4661501
651,166,2025-11-30,,Received,Credit Card,Online,2,6178.751424,338.1293842
652,134,2025-10-04,2025-10-09,Draft,Credit Card,Distributor,42,14983.45269,231.304904
653,190,2025-10-20,,Submitted,Wire Transfer,Direct,3,5595.811617,530.3588589
654,6,2025-10-29,2025-11-01,Cancelled,Credit Card,Distributor,33,12557.91536,996.028897
655,171,2025-10-06,,Cancelled,Wire Transfer,Direct,36,11604.84263,752.8495021
656,87,2025-09-06,,Draft,Wire Transfer,Distributor,11,4578.900397,865.832496
657,157,2025-08-06,,Completed,Wire Transfer,Online,13,6456.67829,560.4408166
658,182,2025-10-15,,Submitted,Credit Card,Direct,24,2109.577225,194.4035146
659,21,2025-07-11,,Submitted,Credit Card,Distributor,41,2903.918042,959.7857623
660,41,2025-07-12,2025-07-17,Received,Credit Card,Direct,28,790.9778245,206.2376133
661,32,2025-05-13,2025-05-14,Received,Wire Transfer,Online,8,8774.207259,584.2259658
662,20,2025-12-01,2025-12-04,Submitted,Credit Card,Online,39,1549.18371,927.591053
663,55,2025-02-10,,Draft,Wire Transfer,Online,22,3534.314137,993.4101311
664,196,2025-10-30,2025-11-03,Pending,Credit Card,Distributor,21,6904.050162,277.3895289
665,76,2025-11-26,2025-12-01,Received,Check,Online,22,5602.097945,724.5437254
666,193,2025-03-15,,Completed,Check,Direct,6,4700.317568,473.4401513
667,165,2025-07-15,2025-07-18,Draft,Check,Online,16,9943.324763,595.3145532
668,128,2025-03-02,2025-03-05,Pending,Credit Card,Distributor,36,5537.131815,874.0343503
669,25,2025-11-08,2025-11-12,Shipped,Check,Distributor,45,2379.025299,792.6465507
670,109,2025-06-11,2025-06-16,Draft,Wire Transfer,Direct,33,13222.58849,270.7398309
671,194,2025-09-06,2025-09-11,Draft,Check,Direct,16,14958.77033,348.5615472
672,106,2025-09-19,,Submitted,Credit Card,Online,11,9191.889683,542.2411351
673,3,2025-06-28,2025-06-30,Shipped,Wire Transfer,Distributor,10,10836.78435,279.77088
674,47,2025-11-25,2025-11-28,Submitted,Check,Direct,37,7086.114234,367.0108923
675,169,2025-06-12,2025-06-17,Draft,Wire Transfer,Distributor,11,12243.30999,479.4969382
676,175,2025-01-21,2025-01-26,Pending,Credit Card,Distributor,16,12483.39267,348.0079642
677,56,2025-02-18,2025-02-23,Submitted,Check,Distributor,32,1363.011141,129.8844858
678,72,2025-06-01,2025-06-06,Submitted,Credit Card,Online,49,10218.48764,727.2640904
679,152,2025-07-25,,Shipped,Check,Direct,6,1300.476495,135.7712875
680,58,2025-07-23,,Draft,Credit Card,Direct,12,12719.40491,742.0185256
681,43,2025-09-03,2025-09-08,Pending,Credit Card,Online,33,7721.097928,753.2449204
682,165,2025-04-23,2025-04-26,Received,Check,Distributor,34,7394.659742,305.0005904
683,22,2025-01-08,,Submitted,Check,Online,4,1305.681266,40.13680095
684,193,2025-04-03,2025-04-08,Cancelled,Wire Transfer,Online,39,14316.27743,865.6721648
685,156,2025-01-02,,Completed,Check,Online,9,11749.15737,34.33997449
686,114,2025-03-21,,Shipped,Check,Direct,16,12216.4122,140.9883714
687,158,2025-01-27,,Draft,Wire Transfer,Direct,8,10774.67348,166.6564444
688,168,2025-06-04,2025-06-06,Completed,Credit Card,Online,47,11223.73277,585.8940072
689,169,2025-09-13,2025-09-15,Cancelled,Wire Transfer,Distributor,1,4430.159249,537.9759004
690,55,2025-07-17,2025-07-18,Submitted,Check,Online,20,4723.345666,525.8552847
691,189,2025-01-22,,Draft,Credit Card,Online,45,3824.189583,489.2825418
692,55,2025-11-23,,Completed,Check,Direct,16,5313.100689,394.8635726
693,140,2025-12-26,2025-12-28,Pending,Check,Online,14,8478.592674,723.7245722
694,4,2025-06-22,2025-06-27,Completed,Credit Card,Direct,1,987.5611314,439.2985825
695,108,2025-04-15,2025-04-20,Pending,Wire Transfer,Direct,31,12542.78619,912.3328001
696,62,2025-03-07,,Shipped,Check,Distributor,36,2440.80133,65.6838404
697,151,2025-02-19,,Completed,Wire Transfer,Direct,30,1309.276703,741.6361106
698,77,2025-08-23,,Received,Wire Transfer,Online,9,10749.45628,61.7172026
699,89,2025-09-24,2025-09-25,Received,Wire Transfer,Direct,1,3734.090552,208.2110727
700,99,2025-12-18,,Submitted,Wire Transfer,Distributor,40,6616.12532,616.1454565
701,182,2025-05-17,,Received,Check,Distributor,27,11054.17522,301.0687779
702,53,2025-11-22,2025-11-26,Shipped,Wire Transfer,Distributor,45,2927.31816,143.3318375
703,150,2025-06-13,,Completed,Wire Transfer,Distributor,9,12036.95932,159.7916461
704,156,2025-12-01,,Completed,Credit Card,Online,15,6491.617424,700.1231434
705,121,2025-05-18,,Completed,Check,Online,2,1979.333355,179.6832081
706,84,2025-01-30,,Draft,Wire Transfer,Online,25,2568.631498,411.3651008
707,101,2025-12-18,,Shipped,Credit Card,Distributor,21,5191.283794,133.2052368
708,113,2025-11-16,,Shipped,Credit Card,Online,4,12112.60751,19.77454671
709,91,2025-02-18,2025-02-19,Draft,Credit Card,Distributor,31,9477.296947,171.0934106
710,85,2025-11-11,2025-11-16,Received,Check,Online,44,11575.28582,997.6123311
711,92,2025-02-13,,Submitted,Wire Transfer,Online,19,10957.42745,991.3356401
712,94,2025-12-29,,Completed,Check,Direct,6,8628.695461,731.5947707
713,54,2025-05-24,,Submitted,Check,Online,37,13481.6296,657.3625435
714,18,2025-02-16,2025-02-19,Received,Check,Online,32,4264.099239,76.74091445
715,31,2025-12-24,2025-12-27,Shipped,Wire Transfer,Direct,28,3955.537377,599.1561082
716,127,2025-11-01,,Cancelled,Wire Transfer,Direct,4,12421.23736,105.5119339
717,77,2025-10-04,,Submitted,Wire Transfer,Online,27,2977.390705,536.4759448
718,3,2025-12-24,,Pending,Credit Card,Distributor,26,12607.34137,519.9142391
719,74,2025-06-18,2025-06-23,Submitted,Wire Transfer,Distributor,35,14431.21617,169.1051118
720,139,2025-09-20,2025-09-21,Shipped,Credit Card,Direct,25,13837.1342,888.5928042
721,90,2025-06-04,2025-06-05,Completed,Credit Card,Online,14,12965.68436,935.120441
722,14,2025-05-19,2025-05-21,Cancelled,Check,Distributor,9,4703.177056,388.8440596
723,23,2025-03-25,,Received,Check,Online,13,9706.292056,348.0209907
724,144,2025-06-18,,Cancelled,Wire Transfer,Direct,11,14483.47494,923.559584
725,73,2025-02-26,,Pending,Check,Distributor,40,9033.648114,993.5431306
726,14,2025-03-10,2025-03-14,Received,Wire Transfer,Direct,36,13818.20899,522.1327829
727,36,2025-11-16,2025-11-20,Cancelled,Wire Transfer,Distributor,12,2843.676702,256.7258627
728,107,2025-10-07,2025-10-11,Submitted,Credit Card,Online,44,10788.83461,577.2022503
729,81,2025-01-12,,Pending,Check,Distributor,38,8417.490783,21.95896941
730,170,2025-08-29,2025-08-31,Shipped,Check,Direct,11,4068.543645,298.7748581
731,175,2025-08-13,2025-08-14,Draft,Wire Transfer,Online,14,6762.548327,659.1689064
732,117,2025-12-08,2025-12-10,Submitted,Wire Transfer,Distributor,31,4258.277795,444.9035013
733,117,2025-11-21,,Cancelled,Credit Card,Online,6,5187.442298,496.9211858
734,18,2025-03-29,,Shipped,Check,Direct,2,12570.05583,902.9450176
735,143,2025-01-25,2025-01-29,Completed,Wire Transfer,Direct,34,10836.34974,60.10993881
736,153,2025-08-05,2025-08-07,Submitted,Credit Card,Distributor,8,2656.366412,614.8760486
737,189,2025-06-12,2025-06-14,Received,Check,Online,8,5940.731959,691.264283
738,48,2025-09-03,,Draft,Credit Card,Online,35,1617.779854,59.70778115
739,130,2025-11-15,2025-11-17,Shipped,Wire Transfer,Distributor,35,10728.33663,808.6442826
740,4,2025-03-31,2025-04-02,Pending,Check,Distributor,23,10025.72671,499.3450179
741,136,2025-01-17,2025-01-19,Cancelled,Credit Card,Distributor,26,6153.956817,212.6746824
742,130,2025-06-10,,Submitted,Credit Card,Online,36,13237.60209,263.0413552
743,190,2025-07-17,,Cancelled,Wire Transfer,Distributor,30,5969.665901,219.4401914
744,105,2025-10-03,2025-10-07,Received,Wire Transfer,Distributor,12,7279.973448,869.7908321
745,14,2025-10-11,2025-10-16,Completed,Check,Distributor,1,11064.45119,363.6389718
746,170,2025-02-21,,Received,Credit Card,Online,48,7171.678891,975.5765552
747,5,2025-12-29,,Completed,Check,Direct,1,3557.266559,314.3804844
748,132,2025-03-27,,Completed,Wire Transfer,Distributor,21,3791.042435,269.5011151
749,145,2025-12-01,,Cancelled,Wire Transfer,Distributor,34,13722.52511,29.46552799
750,133,2025-07-30,,Cancelled,Check,Direct,6,12123.25731,143.709093
751,42,2025-07-30,2025-08-04,Cancelled,Wire Transfer,Direct,28,9560.972124,34.37049858
752,124,2025-10-09,2025-10-14,Completed,Check,Online,6,4187.230701,419.062326
753,181,2025-10-26,2025-10-27,Cancelled,Check,Online,19,11610.68121,751.2703436
754,46,2025-03-28,,Cancelled,Credit Card,Online,25,8839.826706,642.2515504
755,24,2025-11-16,2025-11-19,Completed,Check,Online,44,9530.66215,674.3943567
756,164,2025-12-26,2025-12-28,Received,Wire Transfer,Online,45,8301.500345,579.0554261
757,123,2025-07-10,2025-07-12,Shipped,Check,Online,47,11949.17431,747.2631564
758,140,2025-05-31,2025-06-02,Submitted,Credit Card,Direct,11,2355.770309,939.5492199
759,31,2025-04-11,2025-04-12,Draft,Check,Online,23,2182.395693,854.4724407
760,126,2025-07-23,,Cancelled,Wire Transfer,Distributor,1,975.8391807,89.10204149
761,165,2025-08-04,2025-08-06,Cancelled,Check,Direct,22,9593.528738,908.3654879
762,135,2025-09-26,,Shipped,Wire Transfer,Distributor,35,9466.950892,356.991353
763,127,2025-03-05,2025-03-07,Cancelled,Credit Card,Online,25,4655.776152,554.9927758
764,35,2025-09-05,,Shipped,Wire Transfer,Online,25,12163.73666,463.5408481
765,43,2025-07-22,2025-07-25,Pending,Credit Card,Online,20,143.8747033,213.1372608
766,151,2025-01-18,,Draft,Wire Transfer,Direct,18,6267.900727,786.1079999
767,86,2025-05-06,2025-05-08,Pending,Credit Card,Distributor,1,11332.03738,616.9596545
768,22,2025-08-23,,Draft,Wire Transfer,Online,32,1542.069564,491.3963093
769,187,2025-05-20,,Draft,Check,Online,28,4665.217161,582.1843654
770,154,2025-07-11,2025-07-16,Submitted,Check,Direct,34,4316.540672,621.9494272
771,12,2025-09-12,2025-09-16,Pending,Wire Transfer,Online,24,11983.58702,636.0228712
772,35,2025-05-30,2025-06-02,Pending,Credit Card,Distributor,9,564.9516338,761.9352423
773,48,2025-04-20,2025-04-24,Submitted,Wire Transfer,Online,44,11150.00089,923.6642674
774,88,2025-03-09,,Received,Wire Transfer,Online,16,7758.611831,973.204018
775,190,2025-07-16,,Cancelled,Wire Transfer,Online,25,13770.9971,363.7215899
776,108,2025-03-29,,Received,Wire Transfer,Online,28,3673.348424,916.9888534
777,49,2025-03-24,,Received,Credit Card,Direct,26,11607.58612,9.20261561
778,31,2025-11-10,,Cancelled,Check,Distributor,44,12482.23472,917.5171492
779,187,2025-02-22,2025-02-23,Pending,Wire Transfer,Online,27,337.6787426,570.1968239
780,92,2025-06-19,2025-06-21,Received,Wire Transfer,Distributor,39,4104.504511,717.3512895
781,136,2025-01-22,2025-01-25,Completed,Check,Online,47,2420.495668,863.4789318
782,107,2025-05-31,2025-06-03,Cancelled,Check,Online,36,2130.281047,684.7325685
783,56,2025-06-02,,Submitted,Check,Online,1,5028.731539,819.6972615
784,173,2025-07-13,2025-07-17,Pending,Credit Card,Direct,3,3491.489616,702.948242
785,50,2025-05-22,2025-05-24,Draft,Credit Card,Direct,5,14358.5481,550.9346327
786,43,2025-04-04,,Cancelled,Wire Transfer,Direct,33,4534.478957,171.2846031
787,193,2025-05-01,2025-05-05,Submitted,Credit Card,Direct,11,13973.70218,763.5227124
788,165,2025-01-29,2025-01-30,Received,Credit Card,Distributor,47,8226.406824,825.1018561
789,44,2025-06-14,2025-06-15,Received,Wire Transfer,Online,42,2377.242354,599.5020727
790,42,2025-05-16,2025-05-21,Submitted,Wire Transfer,Online,43,5912.428705,115.7281361
791,122,2025-07-15,2025-07-20,Shipped,Credit Card,Online,44,3577.244567,364.6208596
792,153,2025-10-30,2025-11-01,Pending,Check,Online,49,14252.07117,934.1015254
793,154,2025-01-19,,Shipped,Credit Card,Online,34,14094.00117,813.9487745
794,102,2025-05-18,,Pending,Credit Card,Online,25,3886.955079,598.4002946
795,56,2025-08-09,,Shipped,Wire Transfer,Online,34,642.917765,933.8723823
796,77,2025-01-15,,Received,Check,Distributor,35,764.2058772,416.4221518
797,13,2025-01-27,2025-02-01,Submitted,Credit Card,Online,23,9578.144877,900.3758619
798,111,2025-10-21,2025-10-26,Received,Credit Card,Online,43,4158.470726,267.4665462
799,28,2025-08-03,2025-08-05,Shipped,Check,Direct,48,12172.60914,980.1700001
800,199,2025-09-03,,Shipped,Wire Transfer,Distributor,40,2000.454631,593.3151989
801,41,2025-03-21,2025-03-26,Shipped,Wire Transfer,Distributor,41,13840.70024,148.6056634
802,53,2025-03-18,,Completed,Check,Direct,10,9405.278178,839.1109113
803,59,2025-11-28,,Pending,Wire Transfer,Distributor,8,5582.322358,654.7180554
804,194,2025-04-21,,Received,Credit Card,Distributor,6,79.7665848,716.1297744
805,189,2025-11-28,2025-11-30,Draft,Check,Direct,23,12160.41432,400.6379892
806,15,2025-03-19,2025-03-23,Pending,Credit Card,Online,33,7730.98551,971.3879729
807,15,2025-03-11,,Draft,Credit Card,Direct,8,3862.319776,4.54817112
808,80,2025-09-28,,Shipped,Credit Card,Distributor,24,581.9497346,523.6046735
809,115,2025-09-30,2025-10-02,Completed,Wire Transfer,Direct,38,7136.584082,671.050856
810,48,2025-10-03,,Completed,Check,Direct,1,1740.461066,569.2627851
811,166,2025-11-30,2025-12-03,Submitted,Check,Direct,31,3922.85453,341.0684229
812,3,2025-09-11,2025-09-12,Shipped,Wire Transfer,Distributor,43,11320.44527,362.504094
813,78,2025-09-14,2025-09-17,Submitted,Wire Transfer,Distributor,6,92.56260611,79.1656525
814,72,2025-05-25,2025-05-26,Submitted,Check,Online,47,3061.003871,942.6217191
815,78,2025-03-29,,Cancelled,Check,Online,7,163.9809556,776.5324032
816,105,2025-04-28,2025-04-29,Received,Wire Transfer,Online,4,8509.625059,815.3538009
817,13,2025-04-14,2025-04-17,Completed,Check,Direct,39,8238.060473,202.9931464
818,136,2025-06-20,,Pending,Wire Transfer,Distributor,25,10889.65327,9.545672163
819,102,2025-08-25,2025-08-29,Submitted,Wire Transfer,Distributor,42,9008.185408,384.6357687
820,76,2025-04-23,,Received,Check,Distributor,27,8271.159385,627.6660634
821,96,2025-05-12,2025-05-15,Cancelled,Credit Card,Distributor,42,7705.601911,571.4210287
822,17,2025-11-19,2025-11-22,Draft,Wire Transfer,Online,23,11889.81809,913.8946791
823,25,2025-06-20,,Shipped,Credit Card,Online,2,8912.822339,501.0176828
824,168,2025-10-21,2025-10-22,Shipped,Credit Card,Direct,3,5184.261102,481.9254358
825,174,2025-09-21,2025-09-25,Completed,Check,Direct,45,11363.74763,773.7998608
826,63,2025-10-05,,Draft,Credit Card,Direct,14,12497.64519,9.26079425
827,116,2025-04-27,,Draft,Wire Transfer,Direct,41,14140.59123,395.2652896
828,172,2025-03-16,,Received,Wire Transfer,Direct,13,8319.850924,826.7398128
829,118,2025-04-25,,Cancelled,Check,Distributor,42,14029.9537,585.0290912
830,200,2025-01-17,,Pending,Check,Direct,9,13493.80933,150.6040485
831,178,2025-11-12,2025-11-17,Submitted,Wire Transfer,Distributor,7,9271.551475,918.0890536
832,9,2025-09-28,2025-09-29,Completed,Check,Direct,42,3971.949388,536.944201
833,108,2025-01-06,,Cancelled,Wire Transfer,Online,41,6486.172268,579.4401328
834,104,2025-07-21,,Completed,Credit Card,Online,45,5376.644208,630.3937961
835,136,2025-08-02,,Draft,Wire Transfer,Direct,9,240.4039265,755.657931
836,77,2025-09-20,,Received,Credit Card,Direct,24,8020.844696,654.0771649
837,188,2025-04-18,2025-04-23,Pending,Check,Direct,8,8414.563056,938.2192889
838,131,2025-03-13,,Received,Wire Transfer,Online,47,6888.795037,897.8359758
839,153,2025-03-25,,Pending,Credit Card,Distributor,5,6410.033937,607.6528292
840,194,2025-07-27,,Pending,Wire Transfer,Online,11,14637.83506,836.5331624
841,48,2025-03-31,2025-04-01,Cancelled,Check,Distributor,19,14161.92589,542.8077494
842,22,2025-07-20,,Received,Check,Distributor,19,7763.818017,407.774287
843,34,2025-12-11,,Received,Check,Direct,8,1922.549383,946.4178191
844,30,2025-05-04,,Cancelled,Credit Card,Direct,30,11773.60141,434.826453
845,191,2025-10-06,2025-10-08,Cancelled,Wire Transfer,Direct,22,3944.71947,990.6622736
846,183,2025-06-28,,Completed,Wire Transfer,Distributor,48,10508.39697,560.1112777
847,178,2025-09-22,,Shipped,Check,Distributor,36,13362.30788,11.65819719
848,6,2025-09-27,2025-09-30,Cancelled,Check,Online,13,12634.50488,299.785123
849,103,2025-06-18,,Draft,Wire Transfer,Distributor,24,11908.77761,869.9544728
850,85,2025-09-25,,Cancelled,Check,Direct,25,9809.111439,711.1030443
851,23,2025-05-09,,Draft,Check,Distributor,13,14489.66356,348.4557224
852,26,2025-02-21,2025-02-26,Completed,Wire Transfer,Distributor,18,11095.36558,530.1267988
853,134,2025-07-19,2025-07-23,Submitted,Credit Card,Distributor,13,6152.086972,486.2327209
854,119,2025-03-09,2025-03-10,Draft,Credit Card,Direct,15,6873.926069,664.6393124
855,56,2025-11-21,,Pending,Credit Card,Direct,15,12536.43049,505.9403767
856,56,2025-12-28,,Submitted,Credit Card,Direct,3,12744.51912,370.7501329
857,95,2025-12-16,,Draft,Wire Transfer,Direct,3,14624.24277,246.7653929
858,125,2025-07-11,2025-07-15,Completed,Check,Distributor,41,9791.827987,884.6280047
859,195,2025-11-03,,Draft,Check,Distributor,31,4352.292697,479.7797796
860,150,2025-01-28,2025-02-01,Shipped,Check,Online,11,12009.20577,384.2091521
861,147,2025-10-26,,Cancelled,Wire Transfer,Online,8,4518.438724,77.22996024
862,147,2025-01-18,2025-01-20,Draft,Credit Card,Direct,37,4734.290645,908.861643
863,168,2025-01-03,2025-01-05,Completed,Credit Card,Online,31,9400.655894,103.7164975
864,85,2025-02-20,,Pending,Check,Online,32,14577.5884,835.2203783
865,113,2025-08-19,2025-08-23,Draft,Wire Transfer,Distributor,26,1549.111687,570.6074011
866,78,2025-01-25,,Completed,Check,Direct,14,6565.485184,90.25064959
867,115,2025-02-25,2025-02-27,Completed,Check,Distributor,35,355.6744954,873.7044716
868,141,2025-03-21,,Pending,Check,Online,20,13030.95333,951.6852558
869,162,2025-06-16,2025-06-19,Completed,Credit Card,Online,24,9266.600241,49.58707858
870,63,2025-01-23,,Pending,Wire Transfer,Direct,9,1195.421176,843.0662526
871,89,2025-08-21,2025-08-24,Draft,Check,Direct,35,5839.445039,622.7658185
872,97,2025-12-07,,Shipped,Credit Card,Distributor,25,7429.894733,355.5935917
873,63,2025-11-30,,Pending,Wire Transfer,Online,38,12266.43149,361.4819744
874,89,2025-08-29,,Completed,Credit Card,Direct,14,739.4359363,29.84363425
875,6,2025-01-06,,Pending,Wire Transfer,Direct,46,3529.602285,55.50963407
876,25,2025-07-14,2025-07-15,Cancelled,Check,Direct,1,1263.531155,493.3059493
877,59,2025-05-31,2025-06-01,Cancelled,Credit Card,Online,30,5956.099122,18.60025277
878,99,2025-01-07,,Cancelled,Credit Card,Direct,17,1322.71461,988.8539357
879,131,2025-09-21,2025-09-25,Received,Credit Card,Direct,30,5672.80857,398.3249826
880,174,2025-07-15,,Draft,Credit Card,Online,44,11990.05722,337.096467
881,132,2025-04-15,2025-04-20,Completed,Credit Card,Direct,35,14253.44765,247.2136523
882,113,2025-07-03,,Shipped,Wire Transfer,Distributor,18,12084.76166,972.5611409
883,104,2025-09-12,,Received,Wire Transfer,Direct,8,7756.871254,324.5800332
884,122,2025-06-07,2025-06-09,Completed,Wire Transfer,Online,32,4100.180223,978.46982
885,150,2025-12-09,,Completed,Check,Online,20,357.0222794,614.7092038
886,126,2025-03-07,,Pending,Wire Transfer,Online,4,12729.00158,444.2380653
887,88,2025-12-02,2025-12-04,Pending,Check,Distributor,38,14846.4805,873.7300991
888,13,2025-07-11,,Pending,Credit Card,Online,32,1409.242358,988.6490498
889,159,2025-03-29,,Submitted,Wire Transfer,Distributor,1,14472.00236,167.2054764
890,5,2025-08-15,,Pending,Check,Online,44,672.9347939,762.9232597
891,48,2025-04-03,,Shipped,Check,Distributor,22,3859.803909,299.0575176
892,178,2025-05-10,2025-05-14,Received,Wire Transfer,Direct,5,9029.07988,582.7638133
893,88,2025-10-18,,Submitted,Credit Card,Online,43,11130.57923,428.8603427
894,136,2025-01-29,,Shipped,Wire Transfer,Online,8,7639.52681,276.1586991
895,178,2025-12-17,2025-12-21,Shipped,Wire Transfer,Direct,39,13785.42431,650.8364753
896,40,2025-06-17,2025-06-20,Pending,Credit Card,Direct,12,9214.91932,691.6515514
897,132,2025-03-30,2025-04-04,Draft,Credit Card,Online,17,2498.889137,189.2924559
898,121,2025-09-12,2025-09-13,Shipped,Wire Transfer,Distributor,32,14246.74978,735.4553936
899,177,2025-04-20,2025-04-25,Submitted,Credit Card,Distributor,12,4602.362934,430.0363364
900,4,2025-10-30,,Cancelled,Wire Transfer,Distributor,31,14040.8622,18.81653819
901,178,2025-01-30,2025-01-31,Shipped,Check,Online,2,2791.873093,736.9834937
902,145,2025-12-28,,Received,Check,Online,45,9938.457848,251.1926925
903,184,2025-08-26,2025-08-31,Cancelled,Wire Transfer,Distributor,44,14423.17198,832.2474841
904,51,2025-01-12,2025-01-16,Shipped,Wire Transfer,Direct,24,11594.75868,39.97482928
905,97,2025-05-28,2025-05-31,Draft,Wire Transfer,Direct,4,2704.664376,84.22452912
906,138,2025-05-18,,Shipped,Check,Direct,46,14317.02334,711.6641325
907,79,2025-06-23,,Submitted,Wire Transfer,Online,47,8112.340373,942.3334048
908,92,2025-08-21,2025-08-24,Shipped,Check,Distributor,16,6152.520584,688.7460792
909,62,2025-09-14,2025-09-15,Shipped,Check,Direct,12,6474.379046,773.113802
910,146,2025-01-31,2025-02-01,Draft,Check,Distributor,45,14700.4036,705.2407601
911,66,2025-11-05,2025-11-08,Received,Wire Transfer,Online,1,14394.49375,737.3839333
912,117,2025-08-24,2025-08-25,Received,Check,Online,36,11523.17567,164.4355894
913,200,2025-05-01,2025-05-03,Completed,Wire Transfer,Direct,3,2975.415837,52.31009147
914,196,2025-12-23,2025-12-24,Submitted,Check,Distributor,29,3495.567741,505.130913
915,193,2025-12-22,,Draft,Credit Card,Distributor,33,12220.13355,908.8642632
916,83,2025-11-23,,Cancelled,Credit Card,Distributor,32,10521.21354,896.4831476
917,66,2025-12-02,,Shipped,Credit Card,Distributor,35,978.6288567,570.6897038
918,157,2025-03-25,,Received,Credit Card,Direct,16,2692.460545,602.9728327
919,155,2025-11-25,,Cancelled,Wire Transfer,Distributor,30,5890.900075,324.4246702
920,8,2025-09-10,2025-09-13,Pending,Check,Online,37,2253.020643,205.0378744
921,52,2025-07-26,,Shipped,Check,Distributor,6,7465.990393,246.7514495
922,185,2025-04-09,,Shipped,Wire Transfer,Direct,9,11556.92734,610.50447
923,94,2025-12-04,2025-12-05,Completed,Credit Card,Direct,25,12215.59889,415.6565654
924,52,2025-09-07,,Submitted,Wire Transfer,Online,30,7679.46315,608.2510193
925,83,2025-04-13,,Draft,Wire Transfer,Direct,8,11623.60266,641.5587376
926,84,2025-07-18,,Shipped,Check,Online,46,12366.27409,87.81300087
927,105,2025-08-29,,Submitted,Check,Distributor,22,1697.47744,900.1503916
928,188,2025-03-07,,Shipped,Check,Distributor,38,12653.90923,44.26174995
929,29,2025-11-07,2025-11-12,Completed,Check,Direct,20,10917.17546,988.2035019
930,172,2025-01-06,2025-01-07,Received,Wire Transfer,Online,20,7725.391857,2.173522496
931,158,2025-03-17,,Pending,Wire Transfer,Direct,36,4527.491979,24.53168297
932,1,2025-02-22,2025-02-26,Completed,Credit Card,Direct,29,11364.2481,499.4833957
933,172,2025-10-27,2025-10-30,Pending,Credit Card,Online,21,14381.32866,12.22181358
934,151,2025-10-27,2025-11-01,Shipped,Wire Transfer,Distributor,3,6826.619787,73.24529729
935,9,2025-12-06,2025-12-09,Submitted,Wire Transfer,Direct,50,10883.55286,949.7212344
936,111,2025-04-20,2025-04-25,Draft,Credit Card,Online,46,1914.702572,664.6807462
937,11,2025-07-25,,Shipped,Credit Card,Distributor,28,6995.33955,815.086596
938,90,2025-07-26,2025-07-28,Shipped,Wire Transfer,Distributor,42,1697.772088,218.4008267
939,150,2025-11-07,,Submitted,Check,Online,22,3808.985369,990.4863299
940,4,2025-09-05,2025-09-09,Submitted,Wire Transfer,Direct,8,14455.48973,276.4616593
941,54,2025-07-17,2025-07-22,Pending,Check,Distributor,27,12811.18866,386.8476376
942,120,2025-05-21,2025-05-23,Cancelled,Check,Online,11,8280.005798,676.221376
943,151,2025-09-28,2025-10-03,Draft,Credit Card,Distributor,19,1669.694182,168.4198893
944,197,2025-10-16,,Pending,Wire Transfer,Direct,25,1095.626961,744.1890633
945,55,2025-09-09,,Completed,Wire Transfer,Online,21,8186.029161,764.1852877
946,198,2025-01-29,,Cancelled,Check,Distributor,20,10898.4521,156.7000468
947,118,2025-09-30,2025-10-05,Shipped,Credit Card,Online,2,5958.77237,940.8048615
948,108,2025-05-07,2025-05-09,Cancelled,Check,Distributor,14,5521.43519,510.9523992
949,175,2025-02-05,,Received,Check,Direct,8,10287.43133,456.5884223
950,145,2025-03-26,,Cancelled,Wire Transfer,Distributor,48,12463.79354,543.4517213
951,110,2025-01-28,2025-01-31,Pending,Credit Card,Online,33,8961.539313,27.3912341
952,94,2025-08-09,,Shipped,Credit Card,Direct,26,14037.5421,352.1199578
953,21,2025-08-13,2025-08-17,Received,Credit Card,Online,1,9730.023667,526.0638098
954,108,2025-08-06,,Draft,Wire Transfer,Distributor,32,6459.204534,256.2364041
955,47,2025-12-20,2025-12-21,Received,Wire Transfer,Direct,15,9541.249447,972.9339943
956,135,2025-04-30,,Draft,Wire Transfer,Direct,26,3467.432255,476.1269368
957,31,2025-08-20,,Shipped,Wire Transfer,Online,22,5011.39197,624.7280805
958,178,2025-10-13,,Completed,Credit Card,Online,11,5558.338051,371.3611394
959,181,2025-06-14,,Cancelled,Check,Distributor,8,4049.958583,455.4097758
960,114,2025-03-25,,Shipped,Wire Transfer,Distributor,23,123.8502559,859.5363988
961,141,2025-07-21,,Cancelled,Wire Transfer,Direct,16,10098.34544,369.8298057
962,17,2025-05-18,,Submitted,Check,Direct,34,10432.28017,993.0325187
963,156,2025-03-09,2025-03-14,Received,Check,Online,36,13140.28399,378.1509673
964,181,2025-08-02,,Shipped,Check,Online,31,12789.6012,722.0434845
965,117,2025-05-19,,Cancelled,Credit Card,Distributor,15,329.9204734,667.194132
966,97,2025-10-09,2025-10-10,Draft,Wire Transfer,Direct,12,1077.648629,170.4903818
967,129,2025-04-18,,Pending,Check,Distributor,1,13977.05073,468.7061902
968,163,2025-03-31,,Pending,Wire Transfer,Direct,29,6408.554296,426.9754936
969,36,2025-01-27,,Draft,Wire Transfer,Direct,45,5511.728189,981.7773659
970,23,2025-04-08,,Completed,Credit Card,Direct,45,6735.264599,863.7608137
971,174,2025-05-19,2025-05-24,Received,Wire Transfer,Distributor,43,11120.06022,448.0561235
972,63,2025-10-14,2025-10-18,Pending,Credit Card,Direct,15,11940.89977,378.9740153
973,93,2025-02-26,2025-03-02,Pending,Check,Online,8,7833.514857,97.96485324
974,143,2025-05-23,,Shipped,Check,Distributor,48,14235.06753,75.12439139
975,149,2025-05-12,2025-05-14,Completed,Check,Distributor,15,3078.468188,830.8842084
976,128,2025-02-03,,Draft,Check,Distributor,32,6581.955928,682.9275713
977,106,2025-12-11,2025-12-12,Submitted,Check,Distributor,6,11007.04321,612.4406912
978,56,2025-06-12,,Submitted,Wire Transfer,Online,1,3322.205157,283.9033812
979,7,2025-10-05,2025-10-07,Received,Credit Card,Distributor,28,10313.51178,70.92196641
980,12,2025-02-07,,Received,Check,Online,48,12288.08308,426.8561121
981,31,2025-02-01,2025-02-02,Pending,Wire Transfer,Direct,7,5755.662778,258.9023572
982,147,2025-06-07,,Draft,Check,Direct,10,11305.46961,748.9293569
983,137,2025-07-23,,Received,Wire Transfer,Distributor,7,4183.575815,74.95911788
984,158,2025-07-07,2025-07-11,Completed,Wire Transfer,Distributor,13,9309.500586,456.3315939
985,57,2025-02-07,2025-02-08,Completed,Check,Direct,45,10540.17983,176.5898908
986,26,2025-02-02,2025-02-03,Shipped,Wire Transfer,Direct,40,13092.50787,76.06098767
987,9,2025-07-22,2025-07-23,Shipped,Check,Online,14,114.8313894,74.92889025
988,149,2025-08-06,2025-08-09,Shipped,Wire Transfer,Direct,48,190.0580622,419.1519263
989,42,2025-10-14,,Pending,Credit Card,Online,32,10163.88976,403.5434989
990,51,2025-11-12,,Pending,Wire Transfer,Direct,9,6445.48148,687.3788056
991,42,2025-01-05,2025-01-06,Submitted,Check,Direct,41,11987.9418,469.548986
992,97,2025-06-01,2025-06-06,Cancelled,Wire Transfer,Distributor,7,8415.266785,676.3677471
993,11,2025-10-12,,Shipped,Check,Direct,6,8635.886466,200.6994859
994,7,2025-09-22,,Cancelled,Wire Transfer,Direct,7,6020.102397,474.1921234
995,176,2025-07-24,,Draft,Wire Transfer,Direct,48,3509.566715,525.3197192
996,165,2025-12-29,,Pending,Wire Transfer,Direct,25,9674.132324,399.3950436
997,35,2025-03-30,2025-04-01,Completed,Wire Transfer,Online,35,11440.01361,294.3793
998,79,2025-07-10,2025-07-14,Shipped,Credit Card,Direct,12,13517.21855,967.7509265
999,132,2025-09-08,,Received,Check,Online,46,6096.66023,761.2500745
1000,3,2025-03-03,2025-03-04,Cancelled,Check,Online,44,7423.600541,802.8288134